#dig start(1,1, Top left corner of map) ,,,,,,,,,,,,,,,,,,,,,,,,,,,,,,,,,,,,,,,,,,,,,,,,#
,,,,,,,,,,,,,,,,,,,,,,,,,,,,,,,,,,,,,,,,,,,,,,,,#,,
,,,,,,,,h,d,d,d,d,d,d,d,d,d,d,d,d,d,d,d,,,,,,,,,,,,,,,,,,,,,,,,,#,,
,,,,,,,,h,d,d,d,d,d,d,d,d,d,d,d,d,d,d,d,,,,,,,,,,,,,,,,,,,,,,,,,#,,
,,,,,,,,h,d,d,d,d,d,d,d,d,d,d,d,d,d,d,d,,,,,,,,,,,,,,,,,,,,,,,,,#,,
,,,,,,,,h,d,d,d,d,d,d,d,d,d,d,d,d,d,d,d,,,,,,,,,,,,,,,,,,,,,,,,,#,,
,,,,,,,,h,d,d,d,d,d,d,d,d,d,d,d,d,d,d,d,,,,,,,,,,,,,,,,,,,,,,,,,#,,
,,,,,,,,h,d,d,d,d,d,d,d,d,d,d,d,d,d,d,d,,,,,,,,,,,,,,,,,,,,,,,,,#,,
,,,,,,,,,,,,,,,,,,,,,,,,,,,,,,,,,,,,,,,,,,,,,,,,#,,
,,,,,,,,,,,,,,,,,,,,,,,,,,,,,,,,,,,,,,,,,,,,,,,,#,,
,,,,,,,,,,,,,,,,,,,,,,,,,,,,,,,,,,,,,,,,,,,,,,,,#,,
,,,,,,,,,,,,,,,,,,,,,,,,,,,,,,,,,,,,,,,,,,,,,,,,#,,
,,,,,,,,,,,,,,,,,,,,,,,,,,,,,,,,,,,,,,,,,,,,,,,,#,,
,,,,,,,,,,,,,,,,,,,,,,,,,,,,,,,,,,,,,,,,,,,,,,,,#,,
,,,,,,,,,,,,,,,,,,,,,,,,,,,,,,,,,,,,,,,,,,,,,,,,#,,
,,,,,,,,,,,,,,,,,,,,,,,,,,,,,,,,,,,,,,,,,,,,,,,,#,,
,,,,,,,,,,,,,,,,,,,,,,,,,,,,,,,,,,,,,,,,,,,,,,,,#,,
,,,,,,,,,,,,,,,,,,,,,,,,,,,,,,,,,,,,,,,,,,,,,,,,#,,
,,,,,,,,,,,,,,,,,,,,,,,,,,,,,,,,,,,,,,,,,,,,,,,,#,,
,,,,,,,,,,,,,,,,,,,,,,,,,,,,,,,,,,,,,,,,,,,,,,,,#,,
,,,,,,,,,,,,,,,,,,,,,,,,,,,,,,,,,,,,,,,,,,,,,,,,#,,
,,,,,,,,,,,,,,,,,,,,,,,,,,,,,,,,,,,,,,,,,,,,,,,,#,,
,,,,,,,,,,,,,,,,,,,,,,,,,,,,,,,,,,,,,,,,,,,,,,,,#,,
,,,,,,,,,,,,,,,,,,,,,,,,,,,,,,,,,,,,,,,,,,,,,,,,#,,
,,,,,,,,,,,,,,,,,,,,,,,,,,,,,,,,,,,,,,,,,,,,,,,,#,,
,,,,,,,,,,,,,,,,,,,,,,,,,,,,,,,,,,,,,,,,,,,,,,,,#,,
,,,,,,,,,,,,,,,,,,,,,,,,,,,,,,,,,,,,,,,,,,,,,,,,#,,
,,,,,,,,,,,,,,,,,,,,,,,,,,,,,,,,,,,,,,,,,,,,,,,,#,,
,,,,,,,,,,,,,,,,,,,,,,,,,,,,,,,,,,,,,,,,,,,,,,,,#,,
,,,,,,,,,,,,,,,,,,,,,,,,,,,,,,,,,,,,,,,,,,,,,,,,#,,
,,,,,,,,,,,,,,,,,,,,,,,,,,,,,,,,,,,,,,,,,,,,,,,,#,,
,,,,,,,,,,,,,,,,,,,,,,,,,,,,,,,,,,,,,,,,,,,,,,,,#,,
,,,,,,,,,,,,,,,,,,,,,,,,,,,,,,,,,,,,,,,,,,,,,,,,#,,
,,,,,,,,,,,,,,,,,,,,,,,,,,,,,,,,,,,,,,,,,,,,,,,,#,,
,,,,,,,,,,,,,,,,,,,,,,,,,,,,,,,,,,,,,,,,,,,,,,,,#,,
,,,,,,,,,,,,,,,,,,,,,,,,,,,,,,,,,,,,,,,,,,,,,,,,#,,
,,,,,,,,,,,,,,,,,,,,,,,,,,,,,,,,,,,,,,,,,,,,,,,,#,,
,,,,,,,,,,,,,,,,,,,,,,,,,,,,,,,,,,,,,,,,,,,,,,,,#,,
,,,,,,,,,,,,,,,,,,,,,,,,,,,,,,,,,,,,,,,,,,,,,,,,#,,
,,,,,,,,,,,,,,,,,,,,,,,,,,,,,,,,,,,,,,,,,,,,,,,,#,,
,,,,,,,,,,,,,,,,,,,,,,,,,,,,,,,,,,,,,,,,,,,,,,,,#,,
,,,,,,,,,,,,,,,,,,,,,,,,,,,,,,,,,,,,,,,,,,,,,,,,#,,
,,,,,,,,,,,,,,,,,,,,,,,,,,,,,,,,,,,,,,,,,,,,,,,,#,,
,,,,,,,,,,,,,,,,,,,,,,,,,,,,,,,,,,,,,,,,,,,,,,,,#,,
,,,,,,,,,,,,,,,,,,,,,,,,,,,,,,,,,,,,,,,,,,,,,,,,#,,
,,,,,,,,,,,,,,,,,,,,,,,,,,,,,,,,,,,,,,,,,,,,,,,,#,,
,,,,,,,,,,,,,,,,,,,,,,,,,,,,,,,,,,,,,,,,,,,,,,,,#,,
,,,,,,,,,,,,,,,,,,,,,,,,,,,,,,,,,,,,,,,,,,,,,,,,#,,
,,,,,,,,,,,,,,,,,,,,,,,,,,,,,,,,,,,,,,,,,,,,,,,,#,,
#>,#,#,#,#,#,#,#,#,#,#,#,#,#,#,#,#,#,#,#,#,#,#,#,#,#,#,#,#,#,#,#,#,#,#,#,#,#,#,#,#,#,#,#,#,#,#,#,#,,
,,,,,,,,,,,,,,,,,,,,,,,,,,,,,,,,,,,,,,,,,,,,,,,,#,,
,d,d,d,d,d,d,d,,,d,d,d,d,d,d,d,d,d,d,d,d,d,d,d,d,d,d,d,d,d,d,d,d,d,h,,d,d,d,d,d,d,d,d,d,d,,#,,
,d,d,d,d,d,d,d,,,d,,,,,,,,,,,,,,,,,,,,,,,,,,,d,d,d,d,d,d,d,d,d,d,,#,,
,d,d,d,d,d,d,d,,,d,d,d,d,d,d,d,d,d,d,d,d,d,d,d,d,d,d,d,d,d,d,d,d,d,h,,d,d,d,d,d,d,d,d,d,d,,#,,
,d,d,d,d,d,d,d,,,d,,,,,,,,,,,,,,,,,,,,,,,,,,,d,d,d,d,d,d,d,d,d,d,,#,,
,d,d,d,d,d,d,d,,,d,d,d,d,d,d,d,d,d,d,d,d,d,d,d,d,d,d,d,d,d,d,d,d,d,h,,d,d,d,d,d,d,d,d,d,d,,#,,
,d,d,d,d,d,d,d,,,d,,,,,,,,,,,,,,,,,,,,,,,,,,,d,d,d,d,d,d,d,d,d,d,,#,,
,h,h,h,h,h,h,,,,d,d,d,d,d,d,d,d,d,d,d,d,d,d,d,d,d,d,d,d,d,d,d,d,d,h,,d,d,d,d,d,d,d,d,d,d,,#,,
,,,,,,,,,,d,,,,,,,,,,,,,,,,,,,,,,,,,,,d,d,d,d,d,d,d,d,d,d,,#,,
,d,d,d,d,d,d,d,d,d,d,d,d,d,d,d,d,d,d,d,d,d,d,,,d,,d,,d,,d,,d,,d,d,d,d,d,d,d,d,d,d,d,d,,#,,
,d,d,d,d,d,d,d,d,d,d,d,d,d,d,d,d,d,d,d,d,d,d,,,d,,d,,d,,d,,d,,d,d,d,d,d,d,d,d,d,d,d,d,,#,,
,,,,,,,,,d,d,j,r,,d,,d,,d,,d,,d,,,d,,d,,d,,d,,d,,r,j,d,d,,d,,d,,d,,d,,#,,
,h,,h,,h,,h,,d,d,r,j,,d,,d,,d,,d,,d,,,d,,d,,d,,d,,d,,j,r,d,d,,d,,d,,d,,d,,#,,
,d,,d,,d,,d,,d,d,d,d,,d,,d,,d,,d,,d,,,d,,d,,d,,d,,d,,d,d,d,d,,d,,d,,d,,d,,#,,
,d,,d,,d,,d,,d,d,d,d,,d,,d,,d,,d,,d,,,d,,d,,d,,d,,d,,d,d,d,d,,d,,d,,d,,d,,#,,
,d,,d,,d,,d,,d,d,d,d,,d,,d,,d,,d,,d,,,d,,d,,d,,d,,d,,d,d,d,d,,d,,d,,d,,d,,#,,
,d,,d,,d,,d,,d,d,d,d,,d,,d,,d,,d,,d,,,d,,d,,d,,d,,d,,d,d,d,d,,d,,d,,d,,d,,#,,
,d,,d,,d,,d,,d,d,d,d,,d,,d,,d,,d,,d,,,d,,d,,d,,d,,d,,d,d,d,d,,d,,d,,d,,d,,#,,
,d,,d,,d,,d,,d,d,d,d,,d,,d,,d,,d,,d,,,d,,d,,d,,d,,d,,d,d,d,d,,d,,d,,d,,d,,#,,
,d,,d,,d,,d,,d,d,d,d,,d,,d,,d,,d,,d,,,d,,d,,d,,d,,d,,d,d,d,d,,d,,d,,d,,d,,#,,
,d,,d,,d,,d,,d,d,d,d,,d,,d,,d,,d,,d,,,d,,d,,d,,d,,d,,d,d,d,d,,d,,d,,d,,d,,#,,
,d,,d,,d,,d,,d,d,d,d,,d,,d,,d,,d,,d,,,d,,d,,d,,d,,d,,d,d,d,d,,d,,d,,d,,d,,#,,
,d,,d,,d,,d,,d,d,d,d,,d,,d,,d,,d,,d,,,d,,d,,d,,d,,d,,d,d,d,d,,d,,d,,d,,d,,#,,
,d,,d,,d,,d,,d,d,d,d,,d,,d,,d,,d,,d,,,d,,d,,d,,d,,d,,d,d,d,d,,d,,d,,d,,d,,#,,
,d,,d,,d,,d,,d,d,d,d,,d,,d,,d,,d,,d,,,d,,d,,d,,d,,d,,d,d,d,d,,d,,d,,d,,d,,#,,
,d,,d,,d,,d,,d,d,d,d,,d,,d,,d,,d,,d,,,d,,d,,d,,d,,d,,d,d,d,d,,d,,d,,d,,d,,#,,
,d,,d,,d,,d,,d,d,d,d,,d,,d,,d,,d,,d,,,d,,d,,d,,d,,d,,d,d,d,d,,d,,d,,d,,d,,#,,
,d,,d,,d,,d,,d,d,d,d,,d,,d,,d,,d,,d,,,d,,d,,d,,d,,d,,d,d,d,d,,d,,d,,d,,d,,#,,
,d,,d,,d,,d,,d,d,d,d,,d,,d,,d,,d,,d,,,d,,d,,d,,d,,d,,d,d,d,d,,d,,d,,d,,d,,#,,
,d,,d,,d,,d,,d,d,d,d,,d,,d,,d,,d,,d,,,d,,d,,d,,d,,d,,d,d,d,d,,d,,d,,d,,d,,#,,
,d,,d,,d,,d,,d,d,d,d,,d,,d,,d,,d,,d,,,d,,d,,d,,d,,d,,d,d,d,d,,d,,d,,d,,d,,#,,
,d,,d,,d,,d,,d,d,d,d,,d,,d,,d,,d,,d,,,d,,d,,d,,d,,d,,d,d,d,d,,d,,d,,d,,d,,#,,
,d,,d,,d,,d,,d,d,d,d,,d,,d,,d,,d,,d,,,d,,d,,d,,d,,d,,d,d,d,d,,d,,d,,d,,d,,#,,
,d,,d,,d,,d,,d,d,d,d,,d,,d,,d,,d,,d,,,d,,d,,d,,d,,d,,d,d,d,d,,d,,d,,d,,d,,#,,
,d,,d,,d,,d,,d,d,d,d,,d,,d,,d,,d,,d,,,d,,d,,d,,d,,d,,d,d,d,d,,d,,d,,d,,d,,#,,
,d,,d,,d,,d,,d,d,r,j,,d,,d,,d,,d,,d,,,d,,d,,d,,d,,d,,j,r,d,d,,h,,h,,h,,h,,#,,
,d,,d,,d,,d,,d,d,j,r,,d,,d,,d,,d,,d,,,d,,d,,d,,d,,d,,r,j,d,d,,,,,,,,,,#,,
,d,d,d,d,d,d,d,d,d,d,d,d,,d,,d,,d,,d,,d,,,d,d,d,d,d,d,d,d,d,d,d,d,d,d,d,d,d,d,d,d,d,d,,#,,
,d,d,d,d,d,d,d,d,d,d,d,d,,d,,d,,d,,d,,d,,,d,d,d,d,d,d,d,d,d,d,d,d,d,d,d,d,d,d,d,d,d,d,,#,,
,d,d,d,d,d,d,d,d,d,d,,,,,,,,,,,,,,,,,,,,,,,,,,,d,d,d,d,d,d,d,d,d,d,,#,,
,d,d,d,d,d,d,d,d,d,d,,h,d,d,d,d,d,d,d,d,d,d,d,d,d,d,d,d,d,d,d,d,d,d,d,d,d,d,d,d,d,d,d,d,d,d,,#,,
,d,d,d,d,d,d,d,d,d,d,,,,,,,,,,,,,,,,,,,,,,,,,,,d,d,d,d,d,d,d,d,d,d,,#,,
,d,d,d,d,d,d,d,d,d,d,,h,d,d,d,d,d,d,d,d,d,d,d,d,d,d,d,d,d,d,d,d,d,d,d,d,d,d,d,d,d,d,d,d,d,d,,#,,
,d,d,d,d,d,d,d,d,d,d,,,,,,,,,,,,,,,,,,,,,,,,,,,d,d,d,d,d,d,d,d,d,d,,#,,
,d,d,d,d,d,d,d,d,d,d,,h,d,d,d,d,d,d,d,d,d,d,d,d,d,d,d,d,d,d,d,d,d,d,d,d,d,d,d,d,d,d,d,d,d,d,,#,,
,d,d,d,d,d,d,d,d,d,d,,,,,,,,,,,,,,,,,,,,,,,,,,,d,d,d,d,d,d,d,d,d,d,,#,,
,d,d,d,d,d,d,d,d,d,d,,h,d,d,d,d,d,d,d,d,d,d,d,d,d,d,d,d,d,d,d,d,d,d,d,d,d,d,d,d,d,d,d,d,d,d,,#,,
,,,,,,,,,,,,,,,,,,,,,,,,,,,,,,,,,,,,,,,,,,,,,,,,#,,
#>,#,#,#,#,#,#,#,#,#,#,#,#,#,#,#,#,#,#,#,#,#,#,#,#,#,#,#,#,#,#,#,#,#,#,#,#,#,#,#,#,#,#,#,#,#,#,#,#,,
,,,,,,,,,,,,,,,,,,,,,,,,,,,,,,,,,,,,,,,,,,,,,,,,#,,
,d,d,d,d,d,d,d,d,d,d,d,d,,d,d,d,d,d,d,d,d,d,d,d,d,d,d,d,d,d,d,d,d,,d,d,d,d,d,d,d,d,d,d,d,d,,#,,
,d,d,d,d,d,d,d,d,d,d,d,d,,d,d,d,d,d,d,d,d,d,d,d,d,d,d,d,d,d,d,d,d,,d,d,d,d,d,d,d,d,d,d,d,d,,#,,
,d,d,d,d,d,d,d,d,d,d,d,d,,d,d,d,d,d,d,d,d,d,d,d,d,d,d,d,d,d,d,d,d,,d,d,d,d,d,d,d,d,d,d,d,d,,#,,
,d,d,d,d,d,d,d,d,d,d,d,d,,j,j,j,j,j,j,j,j,j,j,j,j,j,j,j,j,j,j,j,j,,d,d,d,d,d,d,d,d,d,d,d,d,,#,,
,d,d,d,d,d,d,d,d,d,d,d,d,,d,d,d,d,d,d,d,d,d,d,d,d,d,d,d,d,d,d,d,d,,d,d,d,d,d,d,d,d,d,d,d,d,,#,,
,,,,,,,,d,d,d,d,d,,d,d,d,d,d,d,d,d,d,d,d,d,d,d,d,d,d,d,d,d,,d,d,d,d,d,d,d,d,d,d,d,d,,#,,
,,,,,,,,d,d,d,d,d,,d,d,d,d,d,d,d,d,d,d,d,d,d,d,d,d,d,d,d,d,,d,d,d,d,d,d,d,d,d,d,d,d,,#,,
,h,h,h,h,h,h,,d,d,d,d,d,,,,,,,,,,,,,,,,,,,,,,,d,d,d,d,,,,,,,,,,#,,
,,,,,,,,d,d,d,d,d,d,d,d,d,d,d,d,d,d,d,d,d,d,d,d,d,d,d,d,d,d,d,d,d,d,d,,d,d,d,j,d,d,d,,#,,
,d,d,d,d,d,d,d,d,d,d,d,d,d,d,d,d,d,d,d,d,d,d,d,d,d,d,d,d,d,d,d,d,d,d,d,d,d,d,,d,d,d,j,d,d,d,,#,,
,d,d,d,d,d,d,d,d,d,d,r,j,d,d,d,d,d,d,d,d,d,d,d,d,d,d,d,d,d,d,d,d,d,d,j,r,d,d,,d,d,d,j,d,d,d,,#,,
,d,d,d,d,d,d,d,d,d,d,j,r,d,d,d,d,d,d,d,d,d,d,d,d,d,d,d,d,d,d,d,d,d,d,r,j,d,d,,d,d,d,j,d,d,d,,#,,
,,,,,,,,,d,d,d,d,,,,,,,,,,d,d,d,d,d,d,d,d,d,d,d,d,d,d,d,d,d,,d,d,d,j,d,d,d,,#,,
,d,d,d,j,d,d,d,,j,d,d,j,,d,d,d,j,d,d,d,,d,d,d,d,d,d,d,d,d,d,d,d,d,d,d,d,j,,d,d,d,j,d,d,d,,#,,
,d,d,d,j,d,d,d,,d,d,d,d,,d,d,d,j,d,d,d,,d,d,d,d,d,d,d,d,d,j,j,d,d,d,d,d,d,,d,d,d,j,d,d,d,,#,,
,d,d,d,j,d,d,d,,d,d,d,d,,d,d,d,j,d,d,d,,d,d,d,d,d,d,d,d,d,j,j,d,d,d,d,d,d,,d,d,d,j,d,d,d,,#,,
,d,d,d,j,d,d,d,,d,d,d,d,,d,d,d,j,d,d,d,,d,d,d,d,d,d,d,d,d,d,d,d,d,d,d,d,d,,d,d,d,j,d,d,d,,#,,
,d,d,d,j,d,d,d,,d,d,d,d,,d,d,d,j,d,d,d,,d,d,d,d,,,,,,,,,,d,d,d,d,,d,d,d,j,d,d,d,,#,,
,d,d,d,j,d,d,d,,d,d,d,d,,d,d,d,j,d,d,d,,d,d,d,d,,d,d,d,j,d,d,d,,d,d,d,d,,d,d,d,j,d,d,d,,#,,
,d,d,d,j,d,d,d,,d,d,d,d,,d,d,d,j,d,d,d,,d,d,d,d,,d,d,d,j,d,d,d,,d,d,d,d,,d,d,d,j,d,d,d,,#,,
,d,d,d,j,d,d,d,,d,d,d,d,,d,d,d,j,d,d,d,,d,d,d,d,,d,d,d,j,d,d,d,,d,d,d,d,,d,d,d,j,d,d,d,,#,,
,d,d,d,j,d,d,d,,d,d,d,d,,d,d,d,j,d,d,d,,d,d,d,d,,d,d,d,j,d,d,d,,d,d,d,d,,d,d,d,j,d,d,d,,#,,
,d,d,d,j,d,d,d,,d,d,d,d,,d,d,d,j,d,d,d,,d,d,d,d,,d,d,d,j,d,d,d,,d,d,d,d,,d,d,d,j,d,d,d,,#,,
,d,d,d,j,d,d,d,,d,d,d,d,,d,d,d,j,d,d,d,,d,d,d,d,,d,d,d,j,d,d,d,,d,d,d,d,,d,d,d,j,d,d,d,,#,,
,d,d,d,j,d,d,d,,d,d,d,d,,d,d,d,j,d,d,d,,d,d,d,d,,d,d,d,j,d,d,d,,d,d,d,d,,d,d,d,j,d,d,d,,#,,
,d,d,d,j,d,d,d,,d,d,d,d,,d,d,d,j,d,d,d,,,,,,,d,d,d,j,d,d,d,,d,d,d,d,,d,d,d,j,d,d,d,,#,,
,d,d,d,j,d,d,d,,d,d,d,d,,d,d,d,j,d,d,d,d,d,d,d,d,d,d,d,d,j,d,d,d,,d,d,d,d,,d,d,d,j,d,d,d,,#,,
,d,d,d,j,d,d,d,,d,d,d,d,,d,d,d,j,d,d,d,d,d,d,d,d,d,d,d,d,j,d,d,d,,d,d,d,d,,d,d,d,j,d,d,d,,#,,
,d,d,d,j,d,d,d,,d,d,d,d,,d,d,d,j,d,d,d,d,d,d,d,d,d,d,d,d,j,d,d,d,,d,d,d,d,,d,d,d,j,d,d,d,,#,,
,d,d,d,j,d,d,d,,d,d,d,d,,d,d,d,j,j,j,j,j,j,j,j,j,j,j,j,j,j,d,d,d,,d,d,d,d,,d,d,d,j,d,d,d,,#,,
,d,d,d,j,d,d,d,,d,d,d,d,,d,d,d,d,d,d,d,d,d,d,d,d,d,d,d,d,d,d,d,d,,d,d,d,d,,d,d,d,j,d,d,d,,#,,
,d,d,d,j,d,d,d,,d,d,d,d,,d,d,d,d,d,d,d,d,d,d,d,d,d,d,d,d,d,d,d,d,,d,d,d,d,,d,d,d,j,d,d,d,,#,,
,d,d,d,j,d,d,d,,j,d,d,j,,d,d,d,d,d,d,d,d,d,d,d,d,d,d,d,d,d,d,d,d,,j,d,d,j,,d,d,d,j,d,d,d,,#,,
,d,d,d,j,d,d,d,,d,d,d,d,,,,,,,,,,,,,,,,,,,,,,,d,d,d,d,,,,,,,,,,#,,
,d,d,d,j,d,d,d,,d,d,j,r,d,d,d,d,d,d,d,d,d,d,d,d,d,d,d,d,d,d,d,d,d,d,r,j,d,d,d,d,d,d,d,d,d,d,,#,,
,d,d,d,j,d,d,d,,d,d,r,j,d,d,d,d,d,d,d,d,d,d,d,d,d,d,d,d,d,d,d,d,d,d,j,r,d,d,d,d,d,d,d,d,d,d,,#,,
,d,d,d,j,d,d,d,,d,d,d,d,d,d,d,d,d,d,d,d,d,d,d,d,d,d,d,d,d,d,d,d,d,d,d,d,d,d,d,d,d,d,d,d,d,d,,#,,
,d,d,d,j,d,d,d,,d,d,d,d,d,d,d,d,d,d,d,d,d,d,d,d,d,d,d,d,d,d,d,d,d,d,d,d,d,d,d,d,d,d,d,d,d,d,,#,,
,,,,,,,,,d,d,d,d,,,,,,,,,,,,,,,,,,,,,,,,,,,,d,d,d,d,d,d,d,,#,,
,d,d,d,d,d,d,d,d,d,d,d,d,,d,d,d,d,d,d,d,d,d,d,d,d,d,d,d,d,d,d,d,d,d,d,d,d,d,,d,d,d,d,d,d,d,,#,,
,d,d,d,d,d,d,d,d,d,d,d,d,,d,d,d,d,d,d,d,d,d,d,d,d,d,d,d,d,d,d,d,d,d,d,d,d,d,,d,d,d,d,d,d,d,,#,,
,d,d,d,d,d,d,d,d,d,d,d,d,,d,d,d,d,d,d,d,d,d,d,d,d,d,d,d,d,d,d,d,d,d,d,d,d,d,,d,d,d,d,d,d,d,,#,,
,d,d,d,d,d,d,d,d,d,d,d,d,,j,j,j,j,j,j,j,j,j,j,j,j,j,j,j,j,j,j,j,j,j,j,j,j,j,,d,d,d,d,d,d,d,,#,,
,d,d,d,d,d,d,d,d,d,d,d,d,,d,d,d,d,d,d,d,d,d,d,d,d,d,d,d,d,d,d,d,d,d,d,d,d,d,,d,d,d,d,d,d,d,,#,,
,d,d,d,d,d,d,d,d,d,d,d,d,,d,d,d,d,d,d,d,d,d,d,d,d,d,d,d,d,d,d,d,d,d,d,d,d,d,,d,d,d,d,d,d,d,,#,,
,d,d,d,d,d,d,d,d,d,d,d,d,,d,d,d,d,d,d,d,d,d,d,d,d,d,d,d,d,d,d,d,d,d,d,d,d,d,,d,d,d,d,d,d,d,,#,,
,,,,,,,,,,,,,,,,,,,,,,,,,,,,,,,,,,,,,,,,,,,,,,,,#,,
#>,#,#,#,#,#,#,#,#,#,#,#,#,#,#,#,#,#,#,#,#,#,#,#,#,#,#,#,#,#,#,#,#,#,#,#,#,#,#,#,#,#,#,#,#,#,#,#,#,,
,,,,,,,,,,,,,,,,,,,,,,,,,,,,,,,,,,,,,,,,,,,,,,,,#,,
,d,d,d,d,d,d,d,d,d,d,d,d,,d,d,d,d,d,d,d,d,d,d,d,d,d,d,d,d,d,d,d,d,d,d,d,d,d,d,d,d,d,d,d,d,d,,#,,
,d,d,d,d,d,d,d,d,d,d,d,d,,d,d,d,d,d,d,d,d,d,d,d,d,d,d,d,d,d,d,d,d,d,d,d,d,d,d,d,d,d,d,d,d,d,,#,,
,d,d,d,d,d,d,d,d,d,d,d,d,,d,d,d,d,d,d,d,d,d,d,d,d,d,d,d,d,d,d,d,d,d,d,d,d,d,d,d,d,d,d,d,d,d,,#,,
,d,d,d,d,d,d,d,d,d,d,d,d,,r,r,r,r,r,r,r,r,r,r,r,r,r,r,r,r,r,r,r,r,d,d,d,d,d,d,d,d,d,d,d,d,d,,#,,
,d,d,d,d,d,d,d,d,d,d,d,d,,d,d,d,d,d,d,d,d,d,d,d,d,d,d,d,d,d,d,d,d,d,d,d,d,d,d,d,d,d,d,d,d,d,,#,,
,d,d,d,d,d,d,d,d,d,d,d,d,,d,d,d,d,d,d,d,d,d,d,d,d,d,d,d,d,d,d,d,d,d,d,d,d,d,d,d,d,d,d,d,d,d,,#,,
,,,,,,,,,d,d,d,j,,d,d,d,d,d,d,d,d,d,d,d,d,d,d,d,d,d,d,d,d,d,d,d,d,d,d,d,d,d,d,d,d,d,,#,,
,,,,,,,,,,,,,,d,d,d,d,d,d,d,,,,,,,,,,,,,,,,,,,,d,d,d,d,d,d,d,,#,,
,d,d,d,d,d,d,d,,d,d,,d,,d,d,d,d,d,d,d,,d,d,,d,,d,,d,,d,,d,,d,,d,d,,d,d,d,r,d,d,d,,#,,
,d,d,d,d,d,d,d,,d,,d,d,,d,d,d,d,d,d,d,,d,d,,d,,d,,d,,d,,d,,d,d,,d,,d,d,d,r,d,d,d,,#,,
,d,d,d,d,d,d,d,,,d,j,r,,d,d,d,d,d,d,d,,,d,,d,,d,,d,,d,,d,,r,j,d,,,d,d,d,r,d,d,d,,#,,
,d,d,d,d,d,d,d,,d,d,r,j,,d,d,d,d,d,d,d,,d,d,d,d,d,d,d,d,d,d,d,j,,j,r,d,d,,d,d,d,r,d,d,d,,#,,
,d,d,d,d,d,d,d,,,,,,,d,d,d,d,d,d,d,,d,,,,,,,,,,,,,,,,,,d,d,d,r,d,d,d,,#,,
,d,d,d,r,d,d,d,d,r,,,r,d,d,d,d,r,d,d,d,,d,d,d,d,,d,d,d,d,d,d,d,,j,d,,r,d,d,d,d,r,d,d,d,,#,,
,d,d,d,r,d,d,d,,,,,,,d,d,d,r,d,d,d,,d,,,,,d,d,d,d,r,r,d,,d,d,,,,d,d,d,r,d,d,d,,#,,
,d,d,d,r,d,d,d,,d,d,d,j,,d,d,d,r,d,d,d,,d,d,d,d,,d,d,d,d,r,r,d,,d,d,d,d,,d,d,d,r,d,d,d,,#,,
,d,d,d,r,d,d,d,,d,d,d,d,,d,d,d,r,d,d,d,,d,,,,,d,d,d,d,d,d,d,,d,d,d,d,,d,d,d,r,d,d,d,,#,,
,d,d,d,r,d,d,d,,d,d,d,d,,d,d,d,r,d,d,d,,d,d,d,d,,d,d,d,d,d,d,d,,d,d,d,d,,d,d,d,r,d,d,d,,#,,
,d,d,d,r,d,d,d,,d,d,d,d,,d,d,d,r,d,d,d,,d,,,,,d,d,d,r,d,d,d,,d,d,d,d,,d,d,d,r,d,d,d,,#,,
,d,d,d,r,d,d,d,,d,d,d,d,,d,d,d,r,d,d,d,,d,d,d,d,,d,d,d,r,d,d,d,,d,d,d,d,,d,d,d,r,d,d,d,,#,,
,d,d,d,r,d,d,d,,d,d,d,d,,d,d,d,r,d,d,d,,d,,,,,d,d,d,r,d,d,d,,d,d,d,d,,d,d,d,r,d,d,d,,#,,
,d,d,d,r,d,d,d,,d,d,d,d,,d,d,d,r,d,d,d,,d,d,d,d,,d,d,d,r,d,d,d,,d,d,d,d,,d,d,d,r,d,d,d,,#,,
,d,d,d,r,d,d,d,,d,d,d,d,,d,d,d,r,d,d,d,,d,,,,,d,d,d,r,d,d,d,,d,d,d,d,,d,d,d,r,d,d,d,,#,,
,d,d,d,r,d,d,d,,d,d,d,d,,d,d,d,r,d,d,d,,d,d,d,d,,d,d,d,r,d,d,d,,d,d,d,d,,d,d,d,r,d,d,d,,#,,
,d,d,d,r,d,d,d,,d,d,d,d,,d,d,d,r,d,d,d,,j,,d,d,,d,d,d,r,d,d,d,,d,d,d,d,,d,d,d,r,d,d,d,,#,,
,d,d,d,r,d,d,d,,d,d,d,d,,d,d,d,r,d,d,d,,,,,,,d,d,d,r,d,d,d,,d,d,d,d,,d,d,d,r,d,d,d,,#,,
,d,d,d,r,d,d,d,,d,d,d,d,,d,d,d,r,d,d,d,d,d,d,d,d,d,d,d,d,r,d,d,d,,d,d,d,d,,d,d,d,r,d,d,d,,#,,
,d,d,d,r,d,d,d,,d,d,d,d,,d,d,d,r,d,d,d,d,d,d,d,d,d,d,d,d,r,d,d,d,,d,d,d,d,,d,d,d,r,d,d,d,,#,,
,d,d,d,r,d,d,d,,d,d,d,d,,d,d,d,r,d,d,d,d,d,d,d,d,d,d,d,d,r,d,d,d,,d,d,d,d,,d,d,d,r,d,d,d,,#,,
,d,d,d,r,d,d,d,,d,d,d,d,,d,d,d,r,r,r,r,r,r,r,r,r,r,r,r,r,r,d,d,d,,d,d,d,d,,d,d,d,r,d,d,d,,#,,
,d,d,d,r,d,d,d,,d,d,d,j,,d,d,d,d,d,d,d,d,d,d,d,d,d,d,d,d,d,d,d,d,,j,d,d,d,,d,d,d,r,d,d,d,,#,,
,d,d,d,r,d,d,d,,,,,,,d,d,d,d,d,d,d,d,d,d,d,d,d,d,d,d,d,d,d,d,,,,,,,d,d,d,r,d,d,d,,#,,
,d,d,d,r,d,d,d,d,r,,,r,d,d,d,d,d,d,d,d,d,d,d,d,d,d,d,d,d,d,d,d,d,d,r,,,r,d,d,d,d,r,d,d,d,,#,,
,d,d,d,r,d,d,d,,,,,,,,,,,,,,,,,,,,,,,,,,,,,,,,,d,d,d,d,d,d,d,,#,,
,d,d,d,r,d,d,d,,d,d,r,j,,j,d,d,d,d,d,d,d,d,d,d,d,d,d,d,d,d,d,d,j,,j,r,d,d,,d,d,d,d,d,d,d,,#,,
,d,d,d,r,d,d,d,,,d,j,r,,d,d,d,d,d,d,d,d,d,d,d,d,d,d,d,d,d,d,d,d,,r,j,d,,,d,d,d,d,d,d,d,,#,,
,d,d,d,r,d,d,d,,d,,d,d,,d,d,d,d,d,d,d,d,d,d,d,d,d,d,d,d,d,d,d,d,,d,d,,d,,d,d,d,d,d,d,d,,#,,
,d,d,d,r,d,d,d,,d,d,,d,,d,d,d,d,d,d,d,d,d,d,d,d,d,d,d,d,d,d,d,d,,d,,d,d,,d,d,d,d,d,d,d,,#,,
,d,d,d,d,d,d,d,,,,,,,,,,,,,,,,,,,,,,,,,,,,,,,,,d,d,d,d,d,d,d,,#,,
,d,d,d,d,d,d,d,d,d,d,d,d,d,d,d,d,d,d,d,d,d,d,d,d,d,d,d,d,d,d,d,d,d,d,d,d,d,d,d,d,d,d,d,d,d,d,,#,,
,d,d,d,d,d,d,d,d,d,d,d,d,d,d,d,d,d,d,d,d,d,d,d,d,d,d,d,d,d,d,d,d,d,d,d,d,d,d,d,d,d,d,d,d,d,d,,#,,
,d,d,d,d,d,d,d,d,d,d,d,d,d,d,d,d,d,d,d,d,d,d,d,d,d,d,d,d,d,d,d,d,d,d,d,d,d,d,d,d,d,d,d,d,d,d,,#,,
,d,d,d,d,d,d,d,d,d,d,d,d,d,r,r,r,r,r,r,r,r,r,r,r,r,r,r,r,r,r,r,r,r,r,r,r,r,r,d,d,d,d,d,d,d,d,,#,,
,d,d,d,d,d,d,d,d,d,d,d,d,d,d,d,d,d,d,d,d,d,d,d,d,d,d,d,d,d,d,d,d,d,d,d,d,d,d,d,d,d,d,d,d,d,d,,#,,
,d,d,d,d,d,d,d,d,d,d,d,d,d,d,d,d,d,d,d,d,d,d,d,d,d,d,d,d,d,d,d,d,d,d,d,d,d,d,d,d,d,d,d,d,d,d,,#,,
,d,d,d,d,d,d,d,d,d,d,d,d,d,d,d,d,d,d,d,d,d,d,d,d,d,d,d,d,d,d,d,d,d,d,d,d,d,d,d,d,d,d,d,d,d,d,,#,,
,,,,,,,,,,,,,,,,,,,,,,,,,,,,,,,,,,,,,,,,,,,,,,,,#,,
#>,#,#,#,#,#,#,#,#,#,#,#,#,#,#,#,#,#,#,#,#,#,#,#,#,#,#,#,#,#,#,#,#,#,#,#,#,#,#,#,#,#,#,#,#,#,#,#,#,,
,,,,,,,,,,,,,,,,,,,,,,,,,,,,,,,,,,,,,,,,,,,,,,,,#,,
,d,d,d,d,d,d,d,d,d,d,d,d,d,d,d,d,d,d,d,d,d,d,,,d,d,d,d,d,d,d,d,d,d,d,d,d,d,d,d,d,d,d,d,d,d,,#,,
,d,d,d,d,d,d,d,d,d,d,d,d,d,d,d,d,d,d,d,d,d,d,,,d,d,d,d,d,d,d,d,d,d,d,d,d,d,d,d,d,d,d,d,d,d,,#,,
,d,d,d,d,d,d,d,d,d,d,d,d,d,d,d,d,d,d,d,d,d,d,,,d,d,d,d,d,d,d,d,d,d,d,d,d,d,d,d,d,d,d,d,d,d,,#,,
,d,d,d,d,d,d,d,d,d,d,d,d,d,d,d,d,d,d,d,d,d,d,,,d,d,d,d,d,d,d,d,d,d,d,d,d,d,d,d,d,d,d,d,d,d,,#,,
,d,d,d,d,d,d,d,d,d,d,d,d,d,d,d,d,d,d,d,d,d,d,,,d,d,d,d,d,d,d,d,d,d,d,d,d,d,d,d,d,d,d,d,d,d,,#,,
,d,d,d,d,d,d,d,d,d,d,d,d,d,d,d,d,d,d,d,d,d,d,,,d,d,d,d,d,d,d,d,d,d,d,d,d,d,d,d,d,d,d,d,d,d,,#,,
,d,d,d,d,d,d,d,d,d,d,d,r,d,d,d,d,d,d,d,d,d,d,,,d,d,d,d,d,d,d,d,d,d,d,d,d,d,d,d,d,d,d,d,d,d,,#,,
,d,d,d,d,d,d,d,d,d,d,d,d,d,d,d,d,d,d,d,d,d,d,,,d,d,d,d,d,d,d,d,d,d,d,d,d,d,d,d,d,d,d,d,d,d,,#,,
,d,d,d,d,d,d,d,d,d,j,d,d,d,d,d,d,d,d,d,d,d,d,,,d,d,d,d,d,d,d,d,d,j,d,d,d,d,d,d,d,d,d,d,d,d,,#,,
,d,d,d,d,d,d,d,d,d,,,,,j,,,,,,,,,,,,,,,,,,,,,,,,j,d,d,d,d,d,d,d,d,,#,,
,d,d,d,d,d,d,d,d,d,,r,j,,d,,,,,,,,,,,,,,,,,,,,,j,r,,d,d,d,d,d,d,d,d,d,,#,,
,d,d,d,d,d,d,d,d,d,,j,r,,d,d,d,d,d,d,d,d,d,d,d,d,d,d,d,d,d,d,d,r,,r,j,,d,d,d,d,d,d,d,d,d,,#,,
,d,d,d,d,d,d,d,d,j,,,,,d,d,d,d,d,d,d,d,d,d,d,d,d,d,d,d,d,d,d,j,,,,,d,d,d,d,d,d,d,d,d,,#,,
,d,d,d,d,d,d,d,d,d,,,d,j,d,d,d,d,d,d,d,d,d,d,d,d,d,d,d,d,d,d,d,d,d,r,d,j,d,d,d,d,d,d,d,d,d,,#,,
,d,d,d,d,d,d,d,d,d,,,d,d,d,d,d,d,d,d,d,d,d,d,d,d,d,d,d,d,d,d,d,d,d,d,,,d,d,d,d,d,d,d,d,d,,#,,
,d,d,d,d,d,d,d,d,d,,,r,d,d,d,d,d,d,d,d,d,d,d,d,d,d,d,d,d,d,d,d,d,d,d,,,d,d,d,d,d,d,d,d,d,,#,,
,d,d,d,d,d,d,d,d,d,,,d,d,d,d,d,d,d,d,d,d,d,d,d,d,d,d,d,d,d,d,d,d,d,d,,,d,d,d,d,d,d,d,d,d,,#,,
,d,d,d,d,d,d,d,d,d,,,d,d,d,d,d,d,d,d,d,d,d,d,d,d,d,d,d,d,d,d,d,d,d,d,,,d,d,d,d,d,d,d,d,d,,#,,
,d,d,d,d,d,d,d,d,d,,,d,d,d,d,d,d,d,d,d,d,h,d,d,h,d,d,d,d,d,d,d,d,d,d,,,d,d,d,d,d,d,d,d,d,,#,,
,d,d,d,d,d,d,d,d,d,,,d,d,d,d,d,d,d,d,d,d,d,d,d,d,d,d,d,d,d,d,d,d,d,d,,,d,d,d,d,d,d,d,d,d,,#,,
,d,d,d,d,d,d,d,d,d,,,d,d,d,d,d,d,d,d,d,d,d,d,d,d,d,d,d,d,d,d,d,d,d,d,,,d,d,d,d,d,d,d,d,d,,#,,
,d,d,d,d,d,d,d,d,d,,,d,d,d,d,d,d,d,h,d,d,h,d,d,h,d,d,h,d,d,d,d,d,d,d,,,d,d,d,d,d,d,d,d,d,,#,,
,,,,,,,,,d,,,d,d,d,d,d,d,d,d,d,d,d,d,j,d,d,d,d,d,d,d,d,d,d,d,,,,,,,,,,,,,#,,
,,,,,,,,,d,,,d,d,d,d,d,d,d,d,d,d,d,d,d,d,d,d,d,d,d,d,d,d,d,d,,,,,,,,,,,,,#,,
,d,d,d,d,d,d,d,d,d,,,d,d,d,d,d,d,d,h,d,d,h,d,d,h,d,d,h,d,d,d,d,d,d,d,,,d,d,d,d,d,d,d,d,d,,#,,
,d,d,d,d,d,d,d,d,d,,,d,d,d,d,d,d,d,d,d,r,d,d,d,d,d,d,d,d,d,d,d,d,d,d,,,d,d,d,d,d,d,d,d,d,,#,,
,d,d,d,d,d,d,d,d,d,,,d,d,d,d,d,d,d,d,d,d,d,d,d,d,d,d,d,d,d,d,d,d,d,d,,,d,d,d,d,d,d,d,d,d,,#,,
,d,d,d,d,d,d,d,d,d,,,d,d,d,d,d,d,d,d,d,d,h,d,d,h,d,d,d,d,d,d,d,d,d,d,,,d,d,d,d,d,d,d,d,d,,#,,
,d,d,d,d,d,d,d,d,d,,,d,d,d,d,d,d,d,d,d,d,d,d,d,d,d,d,d,d,d,d,d,d,d,d,,,d,d,d,d,d,d,d,d,d,,#,,
,d,d,d,d,d,d,d,d,d,,,d,d,d,d,d,d,d,d,d,d,d,d,d,d,d,d,d,d,d,d,d,d,d,d,,,d,d,d,d,d,d,d,d,d,,#,,
,d,d,d,d,d,d,d,d,d,,,r,d,d,d,d,d,d,d,d,d,d,d,d,d,d,d,d,d,d,d,d,d,d,r,,,d,d,d,d,d,d,d,d,d,,#,,
,d,d,d,d,d,d,d,d,d,,,d,d,d,d,d,d,d,d,d,d,d,d,d,d,d,d,d,d,d,d,d,d,d,d,,,d,d,d,d,d,d,d,d,d,,#,,
,d,d,d,d,d,d,d,d,d,j,d,d,d,d,d,d,d,d,d,d,d,d,d,d,d,d,d,d,d,d,d,d,d,j,d,,,d,d,d,d,d,d,d,d,d,,#,,
,d,d,d,d,d,d,d,d,d,,,,,j,d,d,d,d,d,d,d,d,d,d,d,d,d,d,d,d,d,d,d,,,,,j,d,d,d,d,d,d,d,d,,#,,
,d,d,d,d,d,d,d,d,d,,j,r,,r,d,d,d,d,d,d,d,d,d,d,d,d,d,d,d,d,d,d,r,,r,j,,d,d,d,d,d,d,d,d,d,,#,,
,d,d,d,d,d,d,d,d,d,,r,j,,,,,,,,,,,,,,,,,,,,,d,,j,r,,d,d,d,d,d,d,d,d,d,,#,,
,d,d,d,d,d,d,d,d,j,,,,,,,,,,,,,,,,,,,,,,,,j,,,,,d,d,d,d,d,d,d,d,d,,#,,
,d,d,d,d,d,d,d,d,d,d,d,d,j,d,d,d,d,d,d,d,d,d,,,d,d,d,d,d,d,d,d,d,d,d,d,j,d,d,d,d,d,d,d,d,d,,#,,
,d,d,d,d,d,d,d,d,d,d,d,d,d,d,d,d,d,d,d,d,d,d,,,d,d,d,d,d,d,d,d,d,d,d,d,d,d,d,d,d,d,d,d,d,d,,#,,
,d,d,d,d,d,d,d,d,d,d,d,d,d,d,d,d,d,d,d,d,d,d,,,d,d,d,d,d,d,d,d,d,d,d,d,d,d,d,d,d,d,d,d,d,d,,#,,
,d,d,d,d,d,d,d,d,d,d,d,d,d,d,d,d,d,d,d,d,d,d,,,d,d,d,d,d,d,d,d,d,d,d,d,d,d,d,d,d,d,d,d,d,d,,#,,
,d,d,d,d,d,d,d,d,d,d,d,d,d,d,d,d,d,d,d,d,d,d,,,d,d,d,d,d,d,d,d,d,d,d,d,d,d,d,d,d,d,d,d,d,d,,#,,
,d,d,d,d,d,d,d,d,d,d,d,d,d,d,d,d,d,d,d,d,d,d,,,d,d,d,d,d,d,d,d,d,d,d,d,d,d,d,d,d,d,d,d,d,d,,#,,
,d,d,d,d,d,d,d,d,d,d,d,d,d,d,d,d,d,d,d,d,d,d,,,d,d,d,d,d,d,d,d,d,d,d,d,d,d,d,d,d,d,d,d,d,d,,#,,
,d,d,d,d,d,d,d,d,d,d,d,d,d,d,d,d,d,d,d,d,d,d,,,d,d,d,d,d,d,d,d,d,d,d,d,d,d,d,d,d,d,d,d,d,d,,#,,
,d,d,d,d,d,d,d,d,d,d,d,d,d,d,d,d,d,d,d,d,d,d,,,d,d,d,d,d,d,d,d,d,d,d,d,d,d,d,d,d,d,d,d,d,d,,#,,
,,,,,,,,,,,,,,,,,,,,,,,,,,,,,,,,,,,,,,,,,,,,,,,,#,,
#>,#,#,#,#,#,#,#,#,#,#,#,#,#,#,#,#,#,#,#,#,#,#,#,#,#,#,#,#,#,#,#,#,#,#,#,#,#,#,#,#,#,#,#,#,#,#,#,#,,
,,,,,,,,,,,,,,,,,,,,,,,,,,,,,,,,,,,,,,,,,,,,,,,,#,,
,d,d,d,d,d,d,d,d,d,d,,,d,d,d,d,d,d,d,d,d,d,,,d,d,d,d,d,d,d,d,d,d,,,d,d,d,d,d,d,d,d,d,d,,#,,
,d,d,d,d,d,d,d,d,d,d,,,d,d,d,d,d,d,d,d,d,d,,,d,d,d,d,d,d,d,d,d,d,,,d,d,d,d,d,d,d,d,d,d,,#,,
,d,d,d,d,d,d,d,d,d,d,,,d,d,d,d,d,d,d,d,d,d,,,d,d,d,d,d,d,d,d,d,d,,,d,d,d,d,d,d,d,d,d,d,,#,,
,d,d,d,d,d,d,d,d,d,d,,,d,d,d,d,d,d,d,d,d,d,,,d,d,d,d,d,d,d,d,d,d,,,d,d,d,d,d,d,d,d,d,d,,#,,
,d,d,d,d,d,d,d,d,d,d,,,d,d,d,d,d,d,d,d,d,d,,,d,d,d,d,d,d,d,d,d,d,,,d,d,d,d,d,d,d,d,d,d,,#,,
,d,d,d,d,d,d,d,d,d,d,,,d,d,d,d,d,d,d,d,d,d,,,d,d,d,d,d,d,d,d,d,d,,,d,d,d,d,d,d,d,d,d,d,,#,,
,d,d,d,d,d,d,d,d,d,d,,,d,d,d,d,d,d,d,d,d,d,,,d,d,d,d,d,d,d,d,d,d,,,d,d,d,d,d,d,d,d,d,d,,#,,
,d,d,d,d,d,d,d,d,d,d,,,d,d,d,d,d,d,d,d,d,d,,,d,d,d,d,d,d,d,d,d,d,,,d,d,d,d,d,d,d,d,d,d,,#,,
,d,d,d,d,d,d,d,d,d,r,,,j,d,d,d,d,d,d,d,d,d,,,d,d,d,d,d,d,d,d,d,r,,,j,d,d,d,d,d,d,d,d,d,,#,,
,d,d,d,d,d,d,d,d,j,,,,,r,d,d,d,d,d,d,d,d,,,d,d,d,d,d,d,d,d,j,,,,,r,d,d,d,d,d,d,d,d,,#,,
,,,,,,,,,,,j,r,,,,,,,,,,,,,,,,,,,,,,,r,j,,,,,,,,,,,,#,,
,,,,,,,,,,,r,j,,,,,,,,,,,,,,,,,,,,,,,j,r,,,,,,,,,,,,#,,
,d,d,d,d,d,d,d,d,r,,,,,j,d,d,d,d,d,d,d,d,,,d,d,d,d,d,d,d,d,r,,,,,j,d,d,d,d,d,d,d,d,,#,,
,d,d,d,d,d,d,d,d,d,j,,,r,d,d,d,d,d,d,d,d,d,,,d,d,d,d,d,d,d,d,d,j,,,r,d,d,d,d,d,d,d,d,d,,#,,
,d,d,d,d,d,d,d,d,d,d,,,d,d,d,d,d,d,d,d,d,d,,,d,d,d,d,d,d,d,d,d,d,,,d,d,d,d,d,d,d,d,d,d,,#,,
,d,d,d,d,d,d,d,d,d,d,,,d,d,d,d,d,d,d,d,d,d,,,d,d,d,d,d,d,d,d,d,d,,,d,d,d,d,d,d,d,d,d,d,,#,,
,d,d,d,d,d,d,d,d,d,d,,,d,d,d,d,d,d,d,d,d,d,,,d,d,d,d,d,d,d,d,d,d,,,d,d,d,d,d,d,d,d,d,d,,#,,
,d,d,d,d,d,d,d,d,d,d,,,d,d,d,d,d,d,d,d,d,d,,,d,d,d,d,d,d,d,d,d,d,,,d,d,d,d,d,d,d,d,d,d,,#,,
,d,d,d,d,d,d,d,d,d,d,,,d,d,d,d,d,d,d,d,d,d,,,d,d,d,d,d,d,d,d,d,d,,,d,d,d,d,d,d,d,d,d,d,,#,,
,d,d,d,d,d,d,d,d,d,d,,,d,d,d,d,d,d,d,d,d,d,,,d,d,d,d,d,d,d,d,d,d,,,d,d,d,d,d,d,d,d,d,d,,#,,
,d,d,d,d,d,d,d,d,d,d,,,d,d,d,d,d,d,d,d,,,,,,,d,d,d,d,d,d,d,d,,,d,d,d,d,d,d,d,d,d,d,,#,,
,d,d,d,d,d,d,d,d,d,d,,,d,d,d,d,d,d,d,d,,d,d,d,d,,d,d,d,d,d,d,d,d,,,d,d,d,d,d,d,d,d,d,d,,#,,
,,,,,,,,,,,,,,,,,,,,,,d,d,i,d,,,,,,,,,,,,,,,,,,,,,,,#,,
,,,,,,,,,,,,,,,,,,,,,,d,d,d,d,,,,,,,,,,,,,,,,,,,,,,,#,,
,d,d,d,d,d,d,d,d,d,d,,,d,d,d,d,d,d,d,d,,d,d,d,d,,d,d,d,d,d,d,d,d,,,d,d,d,d,d,d,d,d,d,d,,#,,
,d,d,d,d,d,d,d,d,d,d,,,d,d,d,d,d,d,d,d,,,,,,,d,d,d,d,d,d,d,d,,,d,d,d,d,d,d,d,d,d,d,,#,,
,d,d,d,d,d,d,d,d,d,d,,,d,d,d,d,d,d,d,d,d,d,,,d,d,d,d,d,d,d,d,d,d,,,d,d,d,d,d,d,d,d,d,d,,#,,
,d,d,d,d,d,d,d,d,d,d,,,d,d,d,d,d,d,d,d,d,d,,,d,d,d,d,d,d,d,d,d,d,,,d,d,d,d,d,d,d,d,d,d,,#,,
,d,d,d,d,d,d,d,d,d,d,,,d,d,d,d,d,d,d,d,d,d,,,d,d,d,d,d,d,d,d,d,d,,,d,d,d,d,d,d,d,d,d,d,,#,,
,d,d,d,d,d,d,d,d,d,d,,,d,d,d,d,d,d,d,d,d,d,,,d,d,d,d,d,d,d,d,d,d,,,d,d,d,d,d,d,d,d,d,d,,#,,
,d,d,d,d,d,d,d,d,d,d,,,d,d,d,d,d,d,d,d,d,d,,,d,d,d,d,d,d,d,d,d,d,,,d,d,d,d,d,d,d,d,d,d,,#,,
,d,d,d,d,d,d,d,d,d,d,,,d,d,d,d,d,d,d,d,d,d,,,d,d,d,d,d,d,d,d,d,d,,,d,d,d,d,d,d,d,d,d,d,,#,,
,d,d,d,d,d,d,d,d,d,r,,,j,d,d,d,d,d,d,d,d,d,,,d,d,d,d,d,d,d,d,d,r,,,j,d,d,d,d,d,d,d,d,d,,#,,
,d,d,d,d,d,d,d,d,j,,,,,r,d,d,d,d,d,d,d,d,,,d,d,d,d,d,d,d,d,j,,,,,r,d,d,d,d,d,d,d,d,,#,,
,,,,,,,,,,,r,j,,,,,,,,,,,,,,,,,,,,,,,j,r,,,,,,,,,,,,#,,
,,,,,,,,,,,j,r,,,,,,,,,,,,,,,,,,,,,,,r,j,,,,,,,,,,,,#,,
,d,d,d,d,d,d,d,d,r,,,,,j,d,d,d,d,d,d,d,d,,,d,d,d,d,d,d,d,d,r,,,,,j,d,d,d,d,d,d,d,d,,#,,
,d,d,d,d,d,d,d,d,d,j,,,r,d,d,d,d,d,d,d,d,d,,,d,d,d,d,d,d,d,d,d,j,,,r,d,d,d,d,d,d,d,d,d,,#,,
,d,d,d,d,d,d,d,d,d,d,,,d,d,d,d,d,d,d,d,d,d,,,d,d,d,d,d,d,d,d,d,d,,,d,d,d,d,d,d,d,d,d,d,,#,,
,d,d,d,d,d,d,d,d,d,d,,,d,d,d,d,d,d,d,d,d,d,,,d,d,d,d,d,d,d,d,d,d,,,d,d,d,d,d,d,d,d,d,d,,#,,
,d,d,d,d,d,d,d,d,d,d,,,d,d,d,d,d,d,d,d,d,d,,,d,d,d,d,d,d,d,d,d,d,,,d,d,d,d,d,d,d,d,d,d,,#,,
,d,d,d,d,d,d,d,d,d,d,,,d,d,d,d,d,d,d,d,d,d,,,d,d,d,d,d,d,d,d,d,d,,,d,d,d,d,d,d,d,d,d,d,,#,,
,d,d,d,d,d,d,d,d,d,d,,,d,d,d,d,d,d,d,d,d,d,,,d,d,d,d,d,d,d,d,d,d,,,d,d,d,d,d,d,d,d,d,d,,#,,
,d,d,d,d,d,d,d,d,d,d,,,d,d,d,d,d,d,d,d,d,d,,,d,d,d,d,d,d,d,d,d,d,,,d,d,d,d,d,d,d,d,d,d,,#,,
,d,d,d,d,d,d,d,d,d,d,,,d,d,d,d,d,d,d,d,d,d,,,d,d,d,d,d,d,d,d,d,d,,,d,d,d,d,d,d,d,d,d,d,,#,,
,d,d,d,d,d,d,d,d,d,d,,,d,d,d,d,d,d,d,d,d,d,,,d,d,d,d,d,d,d,d,d,d,,,d,d,d,d,d,d,d,d,d,d,,#,,
,,,,,,,,,,,,,,,,,,,,,,,,,,,,,,,,,,,,,,,,,,,,,,,,#,,
#>,#,#,#,#,#,#,#,#,#,#,#,#,#,#,#,#,#,#,#,#,#,#,#,#,#,#,#,#,#,#,#,#,#,#,#,#,#,#,#,#,#,#,#,#,#,#,#,#,,
,,,,,,,,,,,,,,,,,,,,,,,,,,,,,,,,,,,,,,,,,,,,,,,,#,,
,d,d,d,d,,,d,d,d,d,,,d,d,d,d,,,d,d,d,d,,,d,d,d,d,,,d,d,d,d,,,d,d,d,d,,,d,d,d,d,,#,,
,d,d,d,d,,,d,d,d,d,,,d,d,d,d,,,d,d,d,d,,,d,d,d,d,,,d,d,d,d,,,d,d,d,d,,,d,d,d,d,,#,,
,d,d,d,d,,,d,d,d,d,,,d,d,d,d,,,d,d,d,d,,,d,d,d,d,,,d,d,d,d,,,d,d,d,d,,,d,d,d,d,,#,,
,d,d,d,j,,,j,d,d,d,,,d,d,d,j,,,j,d,d,d,,,d,d,d,j,,,j,d,d,d,,,d,d,d,j,,,j,d,d,d,,#,,
,,,,,,,,,,,,,,,,,,,,,,,,,,,,,,,,,,,,,,,,,,,,,,,,#,,
,,,,,,,,,,,,,,,,,,,,,,,,,,,,,,,,,,,,,,,,,,,,,,,,#,,
,d,d,d,j,,,d,d,d,d,,,d,d,d,d,,,j,d,d,d,,,d,d,d,j,,,d,d,d,d,,,d,d,d,d,,,j,d,d,d,,#,,
,d,d,d,d,,,d,d,d,d,,,d,d,d,d,,,d,d,d,d,,,d,d,d,d,,,d,d,d,d,,,d,d,d,d,,,d,d,d,d,,#,,
,d,d,d,d,,,d,d,d,j,,,r,d,d,d,,,d,d,d,d,,,d,d,d,d,,,d,d,d,j,,,r,d,d,d,,,d,d,d,d,,#,,
,d,d,d,d,,,d,d,r,,,,,j,d,d,,,d,d,d,d,,,d,d,d,d,,,d,d,r,,,,,j,d,d,,,d,d,d,d,,#,,
,,,,,,,,,,,r,j,,,,,,,,,,,,,,,,,,,,,,,j,r,,,,,,,,,,,,#,,
,,,,,,,,,,,j,r,,,,,,,,,,,,,,,,,,,,,,,r,j,,,,,,,,,,,,#,,
,d,d,d,d,,,d,d,j,,,,,r,d,d,,,d,d,d,d,,,d,d,d,d,,,d,d,j,,,,,r,d,d,,,d,d,d,d,,#,,
,d,d,d,d,,,d,d,d,r,,,j,d,d,d,,,d,d,d,d,,,d,d,d,d,,,d,d,d,r,,,j,d,d,d,,,d,d,d,d,,#,,
,d,d,d,d,,,d,d,d,d,,,d,d,d,d,,,d,d,d,d,,,d,d,d,d,,,d,d,d,d,,,d,d,d,d,,,d,d,d,d,,#,,
,d,d,d,j,,,d,d,d,d,,,d,d,d,d,,,j,d,d,d,,,d,d,d,j,,,d,d,d,d,,,d,d,d,d,,,j,d,d,d,,#,,
,,,,,,,,,,,,,,,,,,,,,,,,,,,,,,,,,,,,,,,,,,,,,,,,#,,
,,,,,,,,,,,,,,,,,,,,,,,,,,,,,,,,,,,,,,,,,,,,,,,,#,,
,d,d,d,j,,,j,d,d,d,,,d,d,d,j,,,j,d,d,d,,,d,d,d,j,,,j,d,d,d,,,d,d,d,j,,,j,d,d,d,,#,,
,d,d,d,d,,,d,d,d,d,,,d,d,d,d,,,d,d,d,d,,,d,d,d,d,,,d,d,d,d,,,d,d,d,d,,,d,d,d,d,,#,,
,d,d,d,d,,,d,d,d,d,,,d,d,d,d,,,d,d,,,,,,,d,d,,,d,d,d,d,,,d,d,d,d,,,d,d,d,d,,#,,
,d,d,d,d,,,d,d,d,d,,,d,d,d,d,,,d,d,,d,d,d,d,,d,d,,,d,d,d,d,,,d,d,d,d,,,d,d,d,d,,#,,
,,,,,,,,,,,,,,,,,,,,,,d,d,r,d,,,,,,,,,,,,,,,,,,,,,,,#,,
,,,,,,,,,,,,,,,,,,,,,,d,d,d,d,,,,,,,,,,,,,,,,,,,,,,,#,,
,d,d,d,d,,,d,d,d,d,,,d,d,d,d,,,d,d,,d,d,d,d,,d,d,,,d,d,d,d,,,d,d,d,d,,,d,d,d,d,,#,,
,d,d,d,d,,,d,d,d,d,,,d,d,d,d,,,d,d,,,,,,,d,d,,,d,d,d,d,,,d,d,d,d,,,d,d,d,d,,#,,
,d,d,d,d,,,d,d,d,d,,,d,d,d,d,,,d,d,d,d,,,d,d,d,d,,,d,d,d,d,,,d,d,d,d,,,d,d,d,d,,#,,
,d,d,d,j,,,j,d,d,d,,,d,d,d,j,,,j,d,d,d,,,d,d,d,j,,,j,d,d,d,,,d,d,d,j,,,j,d,d,d,,#,,
,,,,,,,,,,,,,,,,,,,,,,,,,,,,,,,,,,,,,,,,,,,,,,,,#,,
,,,,,,,,,,,,,,,,,,,,,,,,,,,,,,,,,,,,,,,,,,,,,,,,#,,
,d,d,d,j,,,d,d,d,d,,,d,d,d,d,,,j,d,d,d,,,d,d,d,j,,,d,d,d,d,,,d,d,d,d,,,j,d,d,d,,#,,
,d,d,d,d,,,d,d,d,d,,,d,d,d,d,,,d,d,d,d,,,d,d,d,d,,,d,d,d,d,,,d,d,d,d,,,d,d,d,d,,#,,
,d,d,d,d,,,d,d,d,j,,,r,d,d,d,,,d,d,d,d,,,d,d,d,d,,,d,d,d,j,,,r,d,d,d,,,d,d,d,d,,#,,
,d,d,d,d,,,d,d,r,,,,,j,d,d,,,d,d,d,d,,,d,d,d,d,,,d,d,r,,,,,j,d,d,,,d,d,d,d,,#,,
,,,,,,,,,,,j,r,,,,,,,,,,,,,,,,,,,,,,,r,j,,,,,,,,,,,,#,,
,,,,,,,,,,,r,j,,,,,,,,,,,,,,,,,,,,,,,j,r,,,,,,,,,,,,#,,
,d,d,d,d,,,d,d,j,,,,,r,d,d,,,d,d,d,d,,,d,d,d,d,,,d,d,j,,,,,r,d,d,,,d,d,d,d,,#,,
,d,d,d,d,,,d,d,d,r,,,j,d,d,d,,,d,d,d,d,,,d,d,d,d,,,d,d,d,r,,,j,d,d,d,,,d,d,d,d,,#,,
,d,d,d,d,,,d,d,d,d,,,d,d,d,d,,,d,d,d,d,,,d,d,d,d,,,d,d,d,d,,,d,d,d,d,,,d,d,d,d,,#,,
,d,d,d,j,,,d,d,d,d,,,d,d,d,d,,,j,d,d,d,,,d,d,d,j,,,d,d,d,d,,,d,d,d,d,,,j,d,d,d,,#,,
,,,,,,,,,,,,,,,,,,,,,,,,,,,,,,,,,,,,,,,,,,,,,,,,#,,
,,,,,,,,,,,,,,,,,,,,,,,,,,,,,,,,,,,,,,,,,,,,,,,,#,,
,d,d,d,j,,,j,d,d,d,,,d,d,d,j,,,j,d,d,d,,,d,d,d,j,,,j,d,d,d,,,d,d,d,j,,,j,d,d,d,,#,,
,d,d,d,d,,,d,d,d,d,,,d,d,d,d,,,d,d,d,d,,,d,d,d,d,,,d,d,d,d,,,d,d,d,d,,,d,d,d,d,,#,,
,d,d,d,d,,,d,d,d,d,,,d,d,d,d,,,d,d,d,d,,,d,d,d,d,,,d,d,d,d,,,d,d,d,d,,,d,d,d,d,,#,,
,d,d,d,d,,,d,d,d,d,,,d,d,d,d,,,d,d,d,d,,,d,d,d,d,,,d,d,d,d,,,d,d,d,d,,,d,d,d,d,,#,,
,,,,,,,,,,,,,,,,,,,,,,,,,,,,,,,,,,,,,,,,,,,,,,,,#,,
#>,#,#,#,#,#,#,#,#,#,#,#,#,#,#,#,#,#,#,#,#,#,#,#,#,#,#,#,#,#,#,#,#,#,#,#,#,#,#,#,#,#,#,#,#,#,#,#,#,,
,,,,,,,,,,,,,,,,,,,,,,,,,,,,,,,,,,,,,,,,,,,,,,,,#,,
,d,d,d,d,d,d,d,d,d,d,d,d,d,d,d,d,d,d,d,d,d,d,,,d,d,d,d,d,d,d,d,d,d,d,d,d,d,d,d,d,d,d,d,d,d,,#,,
,d,d,d,d,d,d,d,d,d,d,d,d,d,d,d,d,d,d,d,d,d,d,,,d,d,d,d,d,d,d,d,d,d,d,d,d,d,d,d,d,d,d,d,d,d,,#,,
,d,d,d,d,d,d,d,d,d,d,d,d,d,d,d,d,d,d,d,d,d,d,,,d,d,d,d,d,d,d,d,d,d,d,d,d,d,d,d,d,d,d,d,d,d,,#,,
,d,d,d,r,d,d,r,d,d,d,d,d,d,d,d,r,d,d,r,d,d,d,,,d,d,d,r,d,d,r,d,d,d,d,d,d,d,d,r,d,d,r,d,d,d,,#,,
,d,d,d,d,d,d,d,d,d,d,d,d,d,d,d,d,d,d,d,d,d,d,,,d,d,d,d,d,d,d,d,d,d,d,d,d,d,d,d,d,d,d,d,d,d,,#,,
,d,d,d,d,d,d,d,d,d,d,d,d,d,d,d,d,d,d,d,d,d,d,,,d,d,d,d,d,d,d,d,d,d,d,d,d,d,d,d,d,d,d,d,d,d,,#,,
,d,d,d,r,d,d,d,d,d,d,d,d,d,d,d,d,d,d,r,d,d,d,,,d,d,d,r,d,d,d,d,d,d,d,d,d,d,d,d,d,d,r,d,d,d,,#,,
,d,d,d,d,d,d,d,d,d,d,d,d,d,d,d,d,d,d,d,d,d,d,,,d,d,d,d,d,d,d,d,d,d,d,d,d,d,d,d,d,d,d,d,d,d,,#,,
,d,d,d,d,d,d,d,d,d,r,d,d,j,d,d,d,d,d,d,d,d,d,,,d,d,d,d,d,d,d,d,d,r,d,d,j,d,d,d,d,d,d,d,d,d,,#,,
,d,d,d,d,d,d,d,d,j,,,,,r,,,,,,,,,,,,,,,,,,,j,,,,,r,d,d,d,d,d,d,d,d,,#,,
,d,d,d,d,d,d,d,d,d,,j,r,,d,,,,,,,,,,,,,,,,,,,d,,r,j,,d,d,d,d,d,d,d,d,d,,#,,
,d,d,d,d,d,d,d,d,d,,r,j,,d,d,d,d,d,d,d,d,d,d,d,d,d,d,d,d,d,d,d,d,,j,r,,d,d,d,d,d,d,d,d,d,,#,,
,d,d,d,d,d,d,d,d,r,,,,,j,d,d,d,d,d,d,d,d,d,d,d,d,d,d,d,d,d,d,r,,,,,j,d,d,d,d,d,d,d,d,,#,,
,d,d,d,d,d,d,d,d,d,j,d,d,r,d,d,d,d,d,d,d,d,d,d,d,d,d,d,d,d,d,d,d,d,j,d,d,r,d,d,d,d,d,d,d,d,d,,#,,
,d,d,d,d,d,d,d,d,d,,,d,d,d,d,d,d,d,d,d,d,d,d,d,d,d,d,d,d,d,d,d,d,d,d,,,d,d,d,d,d,d,d,d,d,,#,,
,d,d,d,r,d,d,d,d,d,,,d,d,d,d,d,d,d,r,d,d,d,d,d,d,d,d,r,d,d,d,d,d,d,d,,,d,d,d,d,d,r,d,d,d,,#,,
,d,d,d,d,d,d,d,d,d,,,d,d,d,d,d,d,d,d,d,d,d,d,d,d,d,d,d,d,d,d,d,d,d,d,,,d,d,d,d,d,d,d,d,d,,#,,
,d,d,d,d,d,d,d,d,d,,,d,d,d,d,d,d,d,d,d,d,d,d,d,d,d,d,d,d,d,d,d,d,d,d,,,d,d,d,d,d,d,d,d,d,,#,,
,d,d,d,r,d,d,r,d,d,,,d,d,d,d,r,d,d,r,d,d,h,d,d,h,d,d,r,d,d,r,d,d,d,d,,,d,d,r,d,d,r,d,d,d,,#,,
,d,d,d,d,d,d,d,d,d,,,d,d,d,d,d,d,d,d,d,d,d,d,d,d,d,d,d,d,d,d,d,d,d,d,,,d,d,d,d,d,d,d,d,d,,#,,
,d,d,d,d,d,d,d,d,d,,,d,d,d,d,d,d,d,d,d,d,d,d,d,d,d,d,d,d,d,d,d,d,d,d,,,d,d,d,d,d,d,d,d,d,,#,,
,d,d,d,d,d,d,d,d,d,,,d,d,d,d,d,d,d,h,d,d,h,d,d,h,d,d,h,d,d,d,d,d,d,d,,,d,d,d,d,d,d,d,d,d,,#,,
,,,,,,,,,,,,d,d,d,d,d,d,d,d,d,d,d,d,j,d,d,d,d,d,d,d,d,d,d,d,,,,,,,,,,,,,#,,
,,,,,,,,,,,,d,d,d,d,d,d,d,d,d,d,d,d,d,d,d,d,d,d,d,d,d,d,d,d,,,,,,,,,,,,,#,,
,d,d,d,d,d,d,d,d,d,,,d,d,d,d,d,d,d,h,d,d,h,d,d,h,d,d,h,d,d,d,d,d,d,d,,,d,d,d,d,d,d,d,d,d,,#,,
,d,d,d,d,d,d,d,d,d,,,d,d,d,d,d,d,d,d,d,d,d,d,d,d,d,d,d,d,d,d,d,d,d,d,,,d,d,d,d,d,d,d,d,d,,#,,
,d,d,d,d,d,d,d,d,d,,,d,d,d,d,d,d,d,d,d,d,d,d,d,d,d,d,d,d,d,d,d,d,d,d,,,d,d,d,d,d,d,d,d,d,,#,,
,d,d,d,r,d,d,r,d,d,,,d,d,d,d,r,d,d,r,d,d,h,d,d,h,d,d,r,d,d,r,d,d,d,d,,,d,d,r,d,d,r,d,d,d,,#,,
,d,d,d,d,d,d,d,d,d,,,d,d,d,d,d,d,d,d,d,d,d,d,d,d,d,d,d,d,d,d,d,d,d,d,,,d,d,d,d,d,d,d,d,d,,#,,
,d,d,d,d,d,d,d,d,d,,,d,d,d,d,d,d,d,d,d,d,d,d,d,d,d,d,d,d,d,d,d,d,d,d,,,d,d,d,d,d,d,d,d,d,,#,,
,d,d,d,r,d,d,d,d,d,,,d,d,d,d,d,d,d,r,d,d,d,d,d,d,d,d,r,d,d,d,d,d,d,d,,,d,d,d,d,d,r,d,d,d,,#,,
,d,d,d,d,d,d,d,d,d,,,d,d,d,d,d,d,d,d,d,d,d,d,d,d,d,d,d,d,d,d,d,d,d,d,,,d,d,d,d,d,d,d,d,d,,#,,
,d,d,d,d,d,d,d,d,d,r,d,d,j,d,d,d,d,d,d,d,d,d,d,d,d,d,d,d,d,d,d,d,d,r,d,d,j,d,d,d,d,d,d,d,d,d,,#,,
,d,d,d,d,d,d,d,d,j,,,,,r,d,d,d,d,d,d,d,d,d,d,d,d,d,d,d,d,d,d,j,,,,,r,d,d,d,d,d,d,d,d,,#,,
,d,d,d,d,d,d,d,d,d,,r,j,,d,d,d,d,d,d,d,d,d,d,d,d,d,d,d,d,d,d,d,d,,j,r,,d,d,d,d,d,d,d,d,d,,#,,
,d,d,d,d,d,d,d,d,d,,j,r,,d,,,,,,,,,,,,,,,,,,,d,,r,j,,d,d,d,d,d,d,d,d,d,,#,,
,d,d,d,d,d,d,d,d,r,,,,,j,,,,,,,,,,,,,,,,,,,r,,,,,j,d,d,d,d,d,d,d,d,,#,,
,d,d,d,d,d,d,d,d,d,j,d,d,r,d,d,d,d,d,d,d,d,d,,,d,d,d,d,d,d,d,d,d,j,d,d,r,d,d,d,d,d,d,d,d,d,,#,,
,d,d,d,d,d,d,d,d,d,d,d,d,d,d,d,d,d,d,d,d,d,d,,,d,d,d,d,d,d,d,d,d,d,d,d,d,d,d,d,d,d,d,d,d,d,,#,,
,d,d,d,r,d,d,d,d,d,d,d,d,d,d,d,d,d,d,r,d,d,d,,,d,d,d,r,d,d,d,d,d,d,d,d,d,d,d,d,d,d,r,d,d,d,,#,,
,d,d,d,d,d,d,d,d,d,d,d,d,d,d,d,d,d,d,d,d,d,d,,,d,d,d,d,d,d,d,d,d,d,d,d,d,d,d,d,d,d,d,d,d,d,,#,,
,d,d,d,d,d,d,d,d,d,d,d,d,d,d,d,d,d,d,d,d,d,d,,,d,d,d,d,d,d,d,d,d,d,d,d,d,d,d,d,d,d,d,d,d,d,,#,,
,d,d,d,r,d,d,r,d,d,d,d,d,d,d,d,r,d,d,r,d,d,d,,,d,d,d,r,d,d,r,d,d,d,d,d,d,d,d,r,d,d,r,d,d,d,,#,,
,d,d,d,d,d,d,d,d,d,d,d,d,d,d,d,d,d,d,d,d,d,d,,,d,d,d,d,d,d,d,d,d,d,d,d,d,d,d,d,d,d,d,d,d,d,,#,,
,d,d,d,d,d,d,d,d,d,d,d,d,d,d,d,d,d,d,d,d,d,d,,,d,d,d,d,d,d,d,d,d,d,d,d,d,d,d,d,d,d,d,d,d,d,,#,,
,d,d,d,d,d,d,d,d,d,d,d,d,d,d,d,d,d,d,d,d,d,d,,,d,d,d,d,d,d,d,d,d,d,d,d,d,d,d,d,d,d,d,d,d,d,,#,,
,,,,,,,,,,,,,,,,,,,,,,,,,,,,,,,,,,,,,,,,,,,,,,,,#,,
#>,#,#,#,#,#,#,#,#,#,#,#,#,#,#,#,#,#,#,#,#,#,#,#,#,#,#,#,#,#,#,#,#,#,#,#,#,#,#,#,#,#,#,#,#,#,#,#,#,,
,,,,,,,,,,,,,,,,,,,,,,,,,,,,,,,,,,,,,,,,,,,,,,,,#,,
,d,d,d,d,d,d,d,d,d,d,,,d,d,d,d,d,d,d,d,d,d,,,d,d,d,d,d,d,d,d,d,d,,,d,d,d,d,d,d,d,d,d,d,,#,,
,d,d,d,d,d,d,d,d,d,d,,,d,d,d,d,d,d,d,d,d,d,,,d,d,d,d,d,d,d,d,d,d,,,d,d,d,d,d,d,d,d,d,d,,#,,
,d,d,d,d,d,d,d,d,d,d,,,d,d,d,d,d,d,d,d,d,d,,,d,d,d,d,d,d,d,d,d,d,,,d,d,d,d,d,d,d,d,d,d,,#,,
,d,d,d,j,d,d,j,d,d,d,,,d,d,d,j,d,d,j,d,d,d,,,d,d,d,j,d,d,j,d,d,d,,,d,d,d,j,d,d,j,d,d,d,,#,,
,d,d,d,d,d,d,d,d,d,d,,,d,d,d,d,d,d,d,d,d,d,,,d,d,d,d,d,d,d,d,d,d,,,d,d,d,d,d,d,d,d,d,d,,#,,
,d,d,d,d,d,d,d,d,d,d,,,d,d,d,d,d,d,d,d,d,d,,,d,d,d,d,d,d,d,d,d,d,,,d,d,d,d,d,d,d,d,d,d,,#,,
,d,d,d,j,d,d,d,d,d,d,,,d,d,d,d,d,d,j,d,d,d,,,d,d,d,j,d,d,d,d,d,d,,,d,d,d,d,d,d,j,d,d,d,,#,,
,d,d,d,d,d,d,d,d,d,d,,,d,d,d,d,d,d,d,d,d,d,,,d,d,d,d,d,d,d,d,d,d,,,d,d,d,d,d,d,d,d,d,d,,#,,
,d,d,d,d,d,d,d,d,d,j,,,r,d,d,d,d,d,d,d,d,d,,,d,d,d,d,d,d,d,d,d,j,,,r,d,d,d,d,d,d,d,d,d,,#,,
,d,d,d,d,d,d,d,d,r,,,,,j,d,d,d,d,d,d,d,d,,,d,d,d,d,d,d,d,d,r,,,,,j,d,d,d,d,d,d,d,d,,#,,
,,,,,,,,,,,r,j,,,,,,,,,,,,,,,,,,,,,,,j,r,,,,,,,,,,,,#,,
,,,,,,,,,,,j,r,,,,,,,,,,,,,,,,,,,,,,,r,j,,,,,,,,,,,,#,,
,d,d,d,d,d,d,d,d,j,,,,,r,d,d,d,d,d,d,d,d,,,d,d,d,d,d,d,d,d,j,,,,,r,d,d,d,d,d,d,d,d,,#,,
,d,d,d,d,d,d,d,d,d,r,,,j,d,d,d,d,d,d,d,d,d,,,d,d,d,d,d,d,d,d,d,r,,,j,d,d,d,d,d,d,d,d,d,,#,,
,d,d,d,d,d,d,d,d,d,d,,,d,d,d,d,d,d,d,d,d,d,,,d,d,d,d,d,d,d,d,d,d,,,d,d,d,d,d,d,d,d,d,d,,#,,
,d,d,d,j,d,d,d,d,d,d,,,d,d,d,d,d,d,j,d,d,d,,,d,d,d,j,d,d,d,d,d,d,,,d,d,d,d,d,d,j,d,d,d,,#,,
,d,d,d,d,d,d,d,d,d,d,,,d,d,d,d,d,d,d,d,d,d,,,d,d,d,d,d,d,d,d,d,d,,,d,d,d,d,d,d,d,d,d,d,,#,,
,d,d,d,d,d,d,d,d,d,d,,,d,d,d,d,d,d,d,d,d,d,,,d,d,d,d,d,d,d,d,d,d,,,d,d,d,d,d,d,d,d,d,d,,#,,
,d,d,d,j,d,d,j,d,d,d,,,d,d,d,j,d,d,j,d,d,d,,,d,d,d,j,d,d,j,d,d,d,,,d,d,d,j,d,d,j,d,d,d,,#,,
,d,d,d,d,d,d,d,d,d,d,,,d,d,d,d,d,d,d,d,d,d,,,d,d,d,d,d,d,d,d,d,d,,,d,d,d,d,d,d,d,d,d,d,,#,,
,d,d,d,d,d,d,d,d,d,d,,,d,d,d,d,d,d,d,d,,,,,,,d,d,d,d,d,d,d,d,,,d,d,d,d,d,d,d,d,d,d,,#,,
,d,d,d,d,d,d,d,d,d,d,,,d,d,d,d,d,d,d,d,,d,d,d,d,,d,d,d,d,d,d,d,d,,,d,d,d,d,d,d,d,d,d,d,,#,,
,,,,,,,,,,,,,,,,,,,,,,d,d,i,d,,,,,,,,,,,,,,,,,,,,,,,#,,
,,,,,,,,,,,,,,,,,,,,,,d,d,d,d,,,,,,,,,,,,,,,,,,,,,,,#,,
,d,d,d,d,d,d,d,d,d,d,,,d,d,d,d,d,d,d,d,,d,d,d,d,,d,d,d,d,d,d,d,d,,,d,d,d,d,d,d,d,d,d,d,,#,,
,d,d,d,d,d,d,d,d,d,d,,,d,d,d,d,d,d,d,d,,,,,,,d,d,d,d,d,d,d,d,,,d,d,d,d,d,d,d,d,d,d,,#,,
,d,d,d,d,d,d,d,d,d,d,,,d,d,d,d,d,d,d,d,d,d,,,d,d,d,d,d,d,d,d,d,d,,,d,d,d,d,d,d,d,d,d,d,,#,,
,d,d,d,j,d,d,j,d,d,d,,,d,d,d,j,d,d,j,d,d,d,,,d,d,d,j,d,d,j,d,d,d,,,d,d,d,j,d,d,j,d,d,d,,#,,
,d,d,d,d,d,d,d,d,d,d,,,d,d,d,d,d,d,d,d,d,d,,,d,d,d,d,d,d,d,d,d,d,,,d,d,d,d,d,d,d,d,d,d,,#,,
,d,d,d,d,d,d,d,d,d,d,,,d,d,d,d,d,d,d,d,d,d,,,d,d,d,d,d,d,d,d,d,d,,,d,d,d,d,d,d,d,d,d,d,,#,,
,d,d,d,j,d,d,d,d,d,d,,,d,d,d,d,d,d,j,d,d,d,,,d,d,d,j,d,d,d,d,d,d,,,d,d,d,d,d,d,j,d,d,d,,#,,
,d,d,d,d,d,d,d,d,d,d,,,d,d,d,d,d,d,d,d,d,d,,,d,d,d,d,d,d,d,d,d,d,,,d,d,d,d,d,d,d,d,d,d,,#,,
,d,d,d,d,d,d,d,d,d,j,,,r,d,d,d,d,d,d,d,d,d,,,d,d,d,d,d,d,d,d,d,j,,,r,d,d,d,d,d,d,d,d,d,,#,,
,d,d,d,d,d,d,d,d,r,,,,,j,d,d,d,d,d,d,d,d,,,d,d,d,d,d,d,d,d,r,,,,,j,d,d,d,d,d,d,d,d,,#,,
,,,,,,,,,,,j,r,,,,,,,,,,,,,,,,,,,,,,,r,j,,,,,,,,,,,,#,,
,,,,,,,,,,,r,j,,,,,,,,,,,,,,,,,,,,,,,j,r,,,,,,,,,,,,#,,
,d,d,d,d,d,d,d,d,j,,,,,r,d,d,d,d,d,d,d,d,,,d,d,d,d,d,d,d,d,j,,,,,r,d,d,d,d,d,d,d,d,,#,,
,d,d,d,d,d,d,d,d,d,r,,,j,d,d,d,d,d,d,d,d,d,,,d,d,d,d,d,d,d,d,d,r,,,j,d,d,d,d,d,d,d,d,d,,#,,
,d,d,d,d,d,d,d,d,d,d,,,d,d,d,d,d,d,d,d,d,d,,,d,d,d,d,d,d,d,d,d,d,,,d,d,d,d,d,d,d,d,d,d,,#,,
,d,d,d,j,d,d,d,d,d,d,,,d,d,d,d,d,d,j,d,d,d,,,d,d,d,j,d,d,d,d,d,d,,,d,d,d,d,d,d,j,d,d,d,,#,,
,d,d,d,d,d,d,d,d,d,d,,,d,d,d,d,d,d,d,d,d,d,,,d,d,d,d,d,d,d,d,d,d,,,d,d,d,d,d,d,d,d,d,d,,#,,
,d,d,d,d,d,d,d,d,d,d,,,d,d,d,d,d,d,d,d,d,d,,,d,d,d,d,d,d,d,d,d,d,,,d,d,d,d,d,d,d,d,d,d,,#,,
,d,d,d,j,d,d,j,d,d,d,,,d,d,d,j,d,d,j,d,d,d,,,d,d,d,j,d,d,j,d,d,d,,,d,d,d,j,d,d,j,d,d,d,,#,,
,d,d,d,d,d,d,d,d,d,d,,,d,d,d,d,d,d,d,d,d,d,,,d,d,d,d,d,d,d,d,d,d,,,d,d,d,d,d,d,d,d,d,d,,#,,
,d,d,d,d,d,d,d,d,d,d,,,d,d,d,d,d,d,d,d,d,d,,,d,d,d,d,d,d,d,d,d,d,,,d,d,d,d,d,d,d,d,d,d,,#,,
,d,d,d,d,d,d,d,d,d,d,,,d,d,d,d,d,d,d,d,d,d,,,d,d,d,d,d,d,d,d,d,d,,,d,d,d,d,d,d,d,d,d,d,,#,,
,,,,,,,,,,,,,,,,,,,,,,,,,,,,,,,,,,,,,,,,,,,,,,,,#,,
#>,#,#,#,#,#,#,#,#,#,#,#,#,#,#,#,#,#,#,#,#,#,#,#,#,#,#,#,#,#,#,#,#,#,#,#,#,#,#,#,#,#,#,#,#,#,#,#,#,,
,,,,,,,,,,,,,,,,,,,,,,,,,,,,,,,,,,,,,,,,,,,,,,,,#,,
,d,d,d,d,,,d,d,d,d,,,d,d,d,d,,,d,d,d,d,,,d,d,d,d,,,d,d,d,d,,,d,d,d,d,,,d,d,d,d,,#,,
,d,d,d,d,,,d,d,d,d,,,d,d,d,d,,,d,d,d,d,,,d,d,d,d,,,d,d,d,d,,,d,d,d,d,,,d,d,d,d,,#,,
,d,d,d,d,,,d,d,d,d,,,d,d,d,d,,,d,d,d,d,,,d,d,d,d,,,d,d,d,d,,,d,d,d,d,,,d,d,d,d,,#,,
,d,d,d,r,,,r,d,d,d,,,d,d,d,r,,,r,d,d,d,,,d,d,d,r,,,r,d,d,d,,,d,d,d,r,,,r,d,d,d,,#,,
,,,,,,,,,,,,,,,,,,,,,,,,,,,,,,,,,,,,,,,,,,,,,,,,#,,
,,,,,,,,,,,,,,,,,,,,,,,,,,,,,,,,,,,,,,,,,,,,,,,,#,,
,d,d,d,r,,,d,d,d,d,,,d,d,d,d,,,r,d,d,d,,,d,d,d,r,,,d,d,d,d,,,d,d,d,d,,,r,d,d,d,,#,,
,d,d,d,d,,,d,d,d,d,,,d,d,d,d,,,d,d,d,d,,,d,d,d,d,,,d,d,d,d,,,d,d,d,d,,,d,d,d,d,,#,,
,d,d,d,d,,,d,d,d,r,,,j,d,d,d,,,d,d,d,d,,,d,d,d,d,,,d,d,d,r,,,j,d,d,d,,,d,d,d,d,,#,,
,d,d,d,d,,,d,d,j,,,,,r,d,d,,,d,d,d,d,,,d,d,d,d,,,d,d,j,,,,,r,d,d,,,d,d,d,d,,#,,
,,,,,,,,,,,j,r,,,,,,,,,,,,,,,,,,,,,,,r,j,,,,,,,,,,,,#,,
,,,,,,,,,,,r,j,,,,,,,,,,,,,,,,,,,,,,,j,r,,,,,,,,,,,,#,,
,d,d,d,d,,,d,d,r,,,,,j,d,d,,,d,d,d,d,,,d,d,d,d,,,d,d,r,,,,,j,d,d,,,d,d,d,d,,#,,
,d,d,d,d,,,d,d,d,j,,,r,d,d,d,,,d,d,d,d,,,d,d,d,d,,,d,d,d,j,,,r,d,d,d,,,d,d,d,d,,#,,
,d,d,d,d,,,d,d,d,d,,,d,d,d,d,,,d,d,d,d,,,d,d,d,d,,,d,d,d,d,,,d,d,d,d,,,d,d,d,d,,#,,
,d,d,d,r,,,d,d,d,d,,,d,d,d,d,,,r,d,d,d,,,d,d,d,r,,,d,d,d,d,,,d,d,d,d,,,r,d,d,d,,#,,
,,,,,,,,,,,,,,,,,,,,,,,,,,,,,,,,,,,,,,,,,,,,,,,,#,,
,,,,,,,,,,,,,,,,,,,,,,,,,,,,,,,,,,,,,,,,,,,,,,,,#,,
,d,d,d,r,,,r,d,d,d,,,d,d,d,r,,,r,d,d,d,,,d,d,d,r,,,r,d,d,d,,,d,d,d,r,,,r,d,d,d,,#,,
,d,d,d,d,,,d,d,d,d,,,d,d,d,d,,,d,d,d,d,,,d,d,d,d,,,d,d,d,d,,,d,d,d,d,,,d,d,d,d,,#,,
,d,d,d,d,,,d,d,d,d,,,d,d,d,d,,,d,d,,,,,,,d,d,,,d,d,d,d,,,d,d,d,d,,,d,d,d,d,,#,,
,d,d,d,d,,,d,d,d,d,,,d,d,d,d,,,d,d,,d,d,d,d,,d,d,,,d,d,d,d,,,d,d,d,d,,,d,d,d,d,,#,,
,,,,,,,,,,,,,,,,,,,,,,d,d,r,d,,,,,,,,,,,,,,,,,,,,,,,#,,
,,,,,,,,,,,,,,,,,,,,,,d,d,d,d,,,,,,,,,,,,,,,,,,,,,,,#,,
,d,d,d,d,,,d,d,d,d,,,d,d,d,d,,,d,d,,d,d,d,d,,d,d,,,d,d,d,d,,,d,d,d,d,,,d,d,d,d,,#,,
,d,d,d,d,,,d,d,d,d,,,d,d,d,d,,,d,d,,,,,,,d,d,,,d,d,d,d,,,d,d,d,d,,,d,d,d,d,,#,,
,d,d,d,d,,,d,d,d,d,,,d,d,d,d,,,d,d,d,d,,,d,d,d,d,,,d,d,d,d,,,d,d,d,d,,,d,d,d,d,,#,,
,d,d,d,r,,,r,d,d,d,,,d,d,d,r,,,r,d,d,d,,,d,d,d,r,,,r,d,d,d,,,d,d,d,r,,,r,d,d,d,,#,,
,,,,,,,,,,,,,,,,,,,,,,,,,,,,,,,,,,,,,,,,,,,,,,,,#,,
,,,,,,,,,,,,,,,,,,,,,,,,,,,,,,,,,,,,,,,,,,,,,,,,#,,
,d,d,d,r,,,d,d,d,d,,,d,d,d,d,,,r,d,d,d,,,d,d,d,r,,,d,d,d,d,,,d,d,d,d,,,r,d,d,d,,#,,
,d,d,d,d,,,d,d,d,d,,,d,d,d,d,,,d,d,d,d,,,d,d,d,d,,,d,d,d,d,,,d,d,d,d,,,d,d,d,d,,#,,
,d,d,d,d,,,d,d,d,r,,,j,d,d,d,,,d,d,d,d,,,d,d,d,d,,,d,d,d,r,,,j,d,d,d,,,d,d,d,d,,#,,
,d,d,d,d,,,d,d,j,,,,,r,d,d,,,d,d,d,d,,,d,d,d,d,,,d,d,j,,,,,r,d,d,,,d,d,d,d,,#,,
,,,,,,,,,,,r,j,,,,,,,,,,,,,,,,,,,,,,,j,r,,,,,,,,,,,,#,,
,,,,,,,,,,,j,r,,,,,,,,,,,,,,,,,,,,,,,r,j,,,,,,,,,,,,#,,
,d,d,d,d,,,d,d,r,,,,,j,d,d,,,d,d,d,d,,,d,d,d,d,,,d,d,r,,,,,j,d,d,,,d,d,d,d,,#,,
,d,d,d,d,,,d,d,d,j,,,r,d,d,d,,,d,d,d,d,,,d,d,d,d,,,d,d,d,j,,,r,d,d,d,,,d,d,d,d,,#,,
,d,d,d,d,,,d,d,d,d,,,d,d,d,d,,,d,d,d,d,,,d,d,d,d,,,d,d,d,d,,,d,d,d,d,,,d,d,d,d,,#,,
,d,d,d,r,,,d,d,d,d,,,d,d,d,d,,,r,d,d,d,,,d,d,d,r,,,d,d,d,d,,,d,d,d,d,,,r,d,d,d,,#,,
,,,,,,,,,,,,,,,,,,,,,,,,,,,,,,,,,,,,,,,,,,,,,,,,#,,
,,,,,,,,,,,,,,,,,,,,,,,,,,,,,,,,,,,,,,,,,,,,,,,,#,,
,d,d,d,r,,,r,d,d,d,,,d,d,d,r,,,r,d,d,d,,,d,d,d,r,,,r,d,d,d,,,d,d,d,r,,,r,d,d,d,,#,,
,d,d,d,d,,,d,d,d,d,,,d,d,d,d,,,d,d,d,d,,,d,d,d,d,,,d,d,d,d,,,d,d,d,d,,,d,d,d,d,,#,,
,d,d,d,d,,,d,d,d,d,,,d,d,d,d,,,d,d,d,d,,,d,d,d,d,,,d,d,d,d,,,d,d,d,d,,,d,d,d,d,,#,,
,d,d,d,d,,,d,d,d,d,,,d,d,d,d,,,d,d,d,d,,,d,d,d,d,,,d,d,d,d,,,d,d,d,d,,,d,d,d,d,,#,,
,,,,,,,,,,,,,,,,,,,,,,,,,,,,,,,,,,,,,,,,,,,,,,,,#,,
#>,#,#,#,#,#,#,#,#,#,#,#,#,#,#,#,#,#,#,#,#,#,#,#,#,#,#,#,#,#,#,#,#,#,#,#,#,#,#,#,#,#,#,#,#,#,#,#,#,,
,,,,,,,,,,,,,,,,,,,,,,,,,,,,,,,,,,,,,,,,,,,,,,,,#,,
,d,d,d,d,d,d,d,d,d,d,d,d,d,d,d,d,d,d,d,d,d,d,d,d,d,d,d,d,d,d,d,d,d,d,d,d,d,d,d,d,d,d,d,d,d,d,,#,,
,d,d,d,d,d,d,d,d,d,d,d,d,d,d,d,d,d,d,d,d,d,d,d,d,d,d,d,d,d,d,d,d,d,d,d,d,d,d,d,d,d,d,d,d,d,d,,#,,
,d,d,d,d,d,d,d,d,d,d,d,d,d,d,d,d,d,d,d,d,d,d,d,d,d,d,d,d,d,d,d,d,d,d,d,d,d,d,d,d,d,d,d,d,d,d,,#,,
,d,d,d,d,d,d,d,d,d,d,d,d,d,d,d,d,d,d,d,d,d,d,d,d,d,d,d,d,d,d,d,d,d,d,d,d,d,d,d,d,d,d,d,d,d,d,,#,,
,d,d,d,d,d,d,d,d,d,d,d,d,d,d,d,d,d,d,d,d,d,d,d,d,d,d,d,d,d,d,d,d,d,d,d,d,d,d,d,d,d,d,d,d,d,d,,#,,
,d,d,d,d,d,d,d,d,d,d,d,d,d,d,d,d,d,d,d,d,d,d,d,d,d,d,d,d,d,d,d,d,d,d,d,d,d,d,d,d,d,d,d,d,d,d,,#,,
,d,d,d,d,d,d,d,d,d,d,d,d,d,d,d,d,d,d,d,d,d,d,d,d,d,d,d,d,d,d,d,d,d,d,d,d,d,d,d,d,d,d,d,d,d,d,,#,,
,d,d,d,d,d,d,d,d,d,d,d,d,d,d,d,d,d,d,d,d,d,d,d,d,d,d,d,d,d,d,d,d,d,d,d,d,d,d,d,d,d,d,d,d,d,d,,#,,
,d,d,d,d,d,d,d,d,d,d,d,d,r,d,d,d,d,d,d,d,d,d,d,d,d,d,d,d,d,d,d,d,d,d,d,d,r,d,d,d,d,d,d,d,d,d,,#,,
,d,d,d,d,d,d,d,d,r,d,d,d,d,d,d,d,d,d,d,d,d,d,d,d,d,d,d,d,d,d,d,d,r,d,d,d,d,d,d,d,d,d,d,d,d,d,,#,,
,d,d,d,d,d,d,d,d,d,d,r,j,d,d,d,d,d,d,d,d,d,d,d,d,d,d,d,d,d,d,d,d,d,d,j,r,d,d,d,d,d,d,d,d,d,d,,#,,
,d,d,d,d,d,d,d,d,d,d,j,r,d,d,d,d,d,d,d,d,d,d,d,d,d,d,d,d,d,d,d,d,d,d,r,j,d,d,d,d,d,d,d,d,d,d,,#,,
,d,d,d,d,d,d,d,d,d,d,d,d,d,r,d,d,d,d,d,d,d,d,d,d,d,d,d,d,d,d,d,d,d,d,d,d,d,r,d,d,d,d,d,d,d,d,,#,,
,d,d,d,d,d,d,d,d,d,r,d,d,d,d,d,d,d,d,d,d,d,d,d,d,d,d,d,d,d,d,d,d,d,r,d,d,d,d,d,d,d,d,d,d,d,d,,#,,
,d,d,d,d,d,d,d,d,d,d,d,d,d,d,d,d,d,d,d,d,d,d,d,d,d,d,d,d,d,d,d,d,d,d,d,d,d,d,d,d,d,d,d,d,d,d,,#,,
,d,d,d,d,d,d,d,d,d,d,d,d,d,d,d,d,d,d,d,d,d,d,d,d,d,d,d,d,d,d,d,d,d,d,d,d,d,d,d,d,d,d,d,d,d,d,,#,,
,d,d,d,d,d,d,d,d,d,d,d,d,d,d,d,d,d,d,d,d,d,d,d,d,d,d,d,d,d,d,d,d,d,d,d,d,d,d,d,d,d,d,d,d,d,d,,#,,
,d,d,d,d,d,d,d,d,d,d,d,d,d,d,d,d,d,d,d,d,d,d,d,d,d,d,d,d,d,d,d,d,d,d,d,d,d,d,d,d,d,d,d,d,d,d,,#,,
,d,d,d,d,d,d,d,d,d,d,d,d,d,d,d,d,d,d,d,d,d,d,d,d,d,d,d,d,d,d,d,d,d,d,d,d,d,d,d,d,d,d,d,d,d,d,,#,,
,d,d,d,d,d,d,d,d,d,d,d,d,d,d,d,d,d,d,d,d,d,d,d,d,d,d,d,d,d,d,d,d,d,d,d,d,d,d,d,d,d,d,d,d,d,d,,#,,
,d,d,d,d,d,d,d,d,d,d,d,d,d,d,d,d,d,d,d,d,d,d,d,d,d,d,d,d,d,d,d,d,d,d,d,d,d,d,d,d,d,d,d,d,d,d,,#,,
,d,d,d,d,d,d,d,d,d,d,d,d,d,d,d,d,d,d,d,d,d,d,d,d,d,d,d,d,d,d,d,d,d,d,d,d,d,d,d,d,d,d,d,d,d,d,,#,,
,d,d,d,d,d,d,d,d,d,d,d,d,d,d,d,d,d,d,d,d,d,d,d,d,d,d,d,d,d,d,d,d,d,d,d,d,d,d,d,d,d,d,d,d,d,d,,#,,
,d,d,d,d,d,d,d,d,d,d,d,d,d,d,d,d,d,d,d,d,d,d,d,d,d,d,d,d,d,d,d,d,d,d,d,d,d,d,d,d,d,d,d,d,d,d,,#,,
,d,d,d,d,d,d,d,d,d,d,d,d,d,d,d,d,d,d,d,d,d,d,d,d,d,d,d,d,d,d,d,d,d,d,d,d,d,d,d,d,d,d,d,d,d,d,,#,,
,d,d,d,d,d,d,d,d,d,d,d,d,d,d,d,d,d,d,d,d,d,d,d,d,d,d,d,d,d,d,d,d,d,d,d,d,d,d,d,d,d,d,d,d,d,d,,#,,
,d,d,d,d,d,d,d,d,d,d,d,d,d,d,d,d,d,d,d,d,d,d,d,d,d,d,d,d,d,d,d,d,d,d,d,d,d,d,d,d,d,d,d,d,d,d,,#,,
,d,d,d,d,d,d,d,d,d,d,d,d,d,d,d,d,d,d,d,d,d,d,d,d,d,d,d,d,d,d,d,d,d,d,d,d,d,d,d,d,d,d,d,d,d,d,,#,,
,d,d,d,d,d,d,d,d,d,d,d,d,d,d,d,d,d,d,d,d,d,d,d,d,d,d,d,d,d,d,d,d,d,d,d,d,d,d,d,d,d,d,d,d,d,d,,#,,
,d,d,d,d,d,d,d,d,d,d,d,d,d,d,d,d,d,d,d,d,d,d,d,d,d,d,d,d,d,d,d,d,d,d,d,d,d,d,d,d,d,d,d,d,d,d,,#,,
,d,d,d,d,d,d,d,d,d,d,d,d,d,d,d,d,d,d,d,d,d,d,d,d,d,d,d,d,d,d,d,d,d,d,d,d,d,d,d,d,d,d,d,d,d,d,,#,,
,d,d,d,d,d,d,d,d,d,d,d,d,d,d,d,d,d,d,d,d,d,d,d,d,d,d,d,d,d,d,d,d,d,d,d,d,d,d,d,d,d,d,d,d,d,d,,#,,
,d,d,d,d,d,d,d,d,d,d,d,d,r,d,d,d,d,d,d,d,d,d,d,d,d,d,d,d,d,d,d,d,d,d,d,d,r,d,d,d,d,d,d,d,d,d,,#,,
,d,d,d,d,d,d,d,d,r,d,d,d,d,d,d,d,d,d,d,d,d,d,d,d,d,d,d,d,d,d,d,d,r,d,d,d,d,d,d,d,d,d,d,d,d,d,,#,,
,d,d,d,d,d,d,d,d,d,d,j,r,d,d,d,d,d,d,d,d,d,d,d,d,d,d,d,d,d,d,d,d,d,d,r,j,d,d,d,d,d,d,d,d,d,d,,#,,
,d,d,d,d,d,d,d,d,d,d,r,j,d,d,d,d,d,d,d,d,d,d,d,d,d,d,d,d,d,d,d,d,d,d,j,r,d,d,d,d,d,d,d,d,d,d,,#,,
,d,d,d,d,d,d,d,d,d,d,d,d,d,r,d,d,d,d,d,d,d,d,d,d,d,d,d,d,d,d,d,d,d,d,d,d,d,r,d,d,d,d,d,d,d,d,,#,,
,d,d,d,d,d,d,d,d,d,r,d,d,d,d,d,d,d,d,d,d,d,d,d,d,d,d,d,d,d,d,d,d,d,r,d,d,d,d,d,d,d,d,d,d,d,d,,#,,
,d,d,d,d,d,d,d,d,d,d,d,d,d,d,d,d,d,d,d,d,d,d,d,d,d,d,d,d,d,d,d,d,d,d,d,d,d,d,d,d,d,d,d,d,d,d,,#,,
,d,d,d,d,d,d,d,d,d,d,d,d,d,d,d,d,d,d,d,d,d,d,d,d,d,d,d,d,d,d,d,d,d,d,d,d,d,d,d,d,d,d,d,d,d,d,,#,,
,d,d,d,d,d,d,d,d,d,d,d,d,d,d,d,d,d,d,d,d,d,d,d,d,d,d,d,d,d,d,d,d,d,d,d,d,d,d,d,d,d,d,d,d,d,d,,#,,
,d,d,d,d,d,d,d,d,d,d,d,d,d,d,d,d,d,d,d,d,d,d,d,d,d,d,d,d,d,d,d,d,d,d,d,d,d,d,d,d,d,d,d,d,d,d,,#,,
,d,d,d,d,d,d,d,d,d,d,d,d,d,d,d,d,d,d,d,d,d,d,d,d,d,d,d,d,d,d,d,d,d,d,d,d,d,d,d,d,d,d,d,d,d,d,,#,,
,d,d,d,d,d,d,d,d,d,d,d,d,d,d,d,d,d,d,d,d,d,d,d,d,d,d,d,d,d,d,d,d,d,d,d,d,d,d,d,d,d,d,d,d,d,d,,#,,
,d,d,d,d,d,d,d,d,d,d,d,d,d,d,d,d,d,d,d,d,d,d,d,d,d,d,d,d,d,d,d,d,d,d,d,d,d,d,d,d,d,d,d,d,d,d,,#,,
,d,d,d,d,d,d,d,d,d,d,d,d,d,d,d,d,d,d,d,d,d,d,d,d,d,d,d,d,d,d,d,d,d,d,d,d,d,d,d,d,d,d,d,d,d,d,,#,,
,,,,,,,,,,,,,,,,,,,,,,,,,,,,,,,,,,,,,,,,,,,,,,,,#,,
#>,#,#,#,#,#,#,#,#,#,#,#,#,#,#,#,#,#,#,#,#,#,#,#,#,#,#,#,#,#,#,#,#,#,#,#,#,#,#,#,#,#,#,#,#,#,#,#,#,,
,,,,,,,,,,,,,,,,,,,,,,,,,,,,,,,,,,,,,,,,,,,,,,,,#,,
,d,,d,d,d,d,d,d,d,d,d,d,d,d,d,d,d,d,d,d,d,d,d,d,d,d,d,d,d,d,d,d,d,d,d,d,d,d,d,d,d,d,d,d,d,d,,#,,
,d,,d,d,,,,,d,d,,,,,d,d,,,,,d,d,,,,,d,d,,,,,d,d,,,,,d,d,,,,,d,d,,#,,
,d,,d,d,,d,d,,d,d,,d,d,,d,d,,d,d,,d,d,,d,d,,d,d,,d,d,,d,d,,d,d,,d,d,,d,d,,d,d,,#,,
,d,,d,d,,d,d,,d,d,,d,d,,d,d,,d,d,,d,d,,d,d,,d,d,,d,d,,d,d,,d,d,,d,d,,d,d,,d,d,,#,,
,d,,d,d,,d,d,,d,d,,d,d,,d,d,,d,d,,d,d,,d,d,,d,d,,d,d,,d,d,,d,d,,d,d,,d,d,,d,d,,#,,
,d,,d,d,,d,d,,d,d,,d,d,,d,d,,d,d,,d,d,,d,d,,d,d,,d,d,,d,d,,d,d,,d,d,,d,d,,d,d,,#,,
,d,,d,d,,d,d,,d,d,,d,d,,d,d,,d,d,,d,d,,d,d,,d,d,,d,d,,d,d,,d,d,,d,d,,d,d,,d,d,,#,,
,d,,d,d,,d,d,,d,d,,d,d,,d,d,,d,d,,d,d,,d,d,,d,d,,d,d,,d,d,,d,d,,d,d,,d,d,,d,d,,#,,
,d,,d,d,,d,d,,d,d,,d,d,,d,d,,d,d,,d,d,,d,d,,d,d,,d,d,,d,d,,d,d,,d,d,,d,d,,d,d,,#,,
,d,,d,d,,d,d,,d,,d,,d,,d,d,,d,d,,d,d,,d,d,,d,d,,d,d,,d,,,,d,,d,d,,d,d,,d,d,,#,,
,d,,d,d,,d,d,,d,,j,,d,,d,d,,d,d,,d,d,,d,d,,d,d,,d,d,,d,,r,,d,,d,d,,d,d,,d,d,,#,,
,d,,d,d,,d,d,,d,,r,,d,,d,d,,d,d,,d,d,,d,d,,d,d,,d,d,,d,,j,,d,,d,d,,d,d,,d,d,,#,,
,d,,d,d,,d,d,,d,,,,d,,d,d,,d,d,,d,d,,d,d,,d,d,,d,d,,d,,,,d,,d,d,,d,d,,d,d,,#,,
,d,,d,d,,d,d,,d,d,,d,d,,d,d,,d,d,,d,d,,d,d,,d,d,,d,d,,d,d,,d,d,,d,d,,d,d,,d,d,,#,,
,d,,d,d,,d,d,,d,d,,d,d,,d,d,,d,d,,d,d,,d,d,,d,d,,d,d,,d,d,,d,d,,d,d,,d,d,,d,d,,#,,
,d,,d,d,,d,d,,d,d,,d,d,,d,d,,d,d,,d,d,,d,d,,d,d,,d,d,,d,d,,d,d,,d,d,,d,d,,d,d,,#,,
,d,,d,d,,d,d,,d,d,,d,d,,d,d,,d,d,,d,d,,d,d,,d,d,,d,d,,d,d,,d,d,,d,d,,d,d,,d,d,,#,,
,d,,d,d,,d,d,,d,d,,d,d,,d,d,,d,d,,d,d,,d,d,,d,d,,d,d,,d,d,,d,d,,d,d,,d,d,,d,d,,#,,
,d,,d,d,,d,d,,d,d,,d,d,,d,d,,d,d,,d,d,,d,d,,d,d,,d,d,,d,d,,d,d,,d,d,,d,d,,d,d,,#,,
,d,,d,d,,d,d,,d,d,,d,d,,d,d,,d,d,,d,d,,d,d,,d,d,,d,d,,d,d,,d,d,,d,d,,d,d,,d,d,,#,,
,d,,d,d,,d,d,,d,d,,d,d,,d,d,,d,d,,d,d,,d,d,,d,d,,d,d,,d,d,,d,d,,d,d,,d,d,,d,d,,#,,
,d,,d,d,,d,d,,d,d,,d,d,,d,d,,d,d,,d,d,,d,d,,d,d,,d,d,,d,d,,d,d,,d,d,,d,d,,d,d,,#,,
,d,,d,d,,d,d,,d,d,,d,d,,d,d,,d,d,,d,d,,d,d,,d,d,,d,d,,d,d,,d,d,,d,d,,d,d,,d,d,,#,,
,d,,d,d,,d,d,,d,d,,d,d,,d,d,,d,d,,d,d,,d,d,,d,d,,d,d,,d,d,,d,d,,d,d,,d,d,,d,d,,#,,
,d,,d,d,,d,d,,d,d,,d,d,,d,d,,d,d,,d,d,,d,d,,d,d,,d,d,,d,d,,d,d,,d,d,,d,d,,d,d,,#,,
,d,,d,d,,d,d,,d,d,,d,d,,d,d,,d,d,,d,d,,d,d,,d,d,,d,d,,d,d,,d,d,,d,d,,d,d,,d,d,,#,,
,d,,d,d,,d,d,,d,d,,d,d,,d,d,,d,d,,d,d,,d,d,,d,d,,d,d,,d,d,,d,d,,d,d,,d,d,,d,d,,#,,
,d,,d,d,,d,d,,d,d,,d,d,,d,d,,d,d,,d,d,,d,d,,d,d,,d,d,,d,d,,d,d,,d,d,,d,d,,d,d,,#,,
,d,,d,d,,d,d,,d,d,,d,d,,d,d,,d,d,,d,d,,d,d,,d,d,,d,d,,d,d,,d,d,,d,d,,d,d,,d,d,,#,,
,d,,d,d,,d,d,,d,d,,d,d,,d,d,,d,d,,d,d,,d,d,,d,d,,d,d,,d,d,,d,d,,d,d,,d,d,,d,d,,#,,
,d,,d,d,,d,d,,d,d,,d,d,,d,d,,d,d,,d,d,,d,d,,d,d,,d,d,,d,d,,d,d,,d,d,,d,d,,d,d,,#,,
,d,,d,d,,d,d,,d,d,,d,d,,d,d,,d,d,,d,d,,d,d,,d,d,,d,d,,d,d,,d,d,,d,d,,d,d,,d,d,,#,,
,d,,d,d,,d,d,,d,d,,d,d,,d,d,,d,d,,d,d,,d,d,,d,d,,d,d,,d,d,,d,d,,d,d,,d,d,,d,d,,#,,
,d,,d,d,,d,d,,d,,,,d,,d,d,,d,d,,d,d,,d,d,,d,d,,d,d,,d,,,,d,,d,d,,d,d,,d,d,,#,,
,d,,d,d,,d,d,,d,,r,,d,,d,d,,d,d,,d,d,,d,d,,d,d,,d,d,,d,,j,,d,,d,d,,d,d,,d,d,,#,,
,d,,d,d,,d,d,,d,,j,,d,,d,d,,d,d,,d,d,,d,d,,d,d,,d,d,,d,,r,,d,,d,d,,d,d,,d,d,,#,,
,d,,d,d,,d,d,,d,,,,d,,d,d,,d,d,,d,d,,d,d,,d,d,,d,d,,d,,,,d,,d,d,,d,d,,d,d,,#,,
,d,,d,d,,d,d,,d,d,,d,d,,d,d,,d,d,,d,d,,d,d,,d,d,,d,d,,d,d,,d,d,,d,d,,d,d,,d,d,,#,,
,d,,d,d,,d,d,,d,d,,d,d,,d,d,,d,d,,d,d,,d,d,,d,d,,d,d,,d,d,,d,d,,d,d,,d,d,,d,d,,#,,
,d,,d,d,,d,d,,d,d,,d,d,,d,d,,d,d,,d,d,,d,d,,d,d,,d,d,,d,d,,d,d,,d,d,,d,d,,d,d,,#,,
,d,,d,d,,d,d,,d,d,,d,d,,d,d,,d,d,,d,d,,d,d,,d,d,,d,d,,d,d,,d,d,,d,d,,d,d,,d,d,,#,,
,d,,d,d,,d,d,,d,d,,d,d,,d,d,,d,d,,d,d,,d,d,,d,d,,d,d,,d,d,,d,d,,d,d,,d,d,,d,d,,#,,
,d,,d,d,,d,d,,d,d,,d,d,,d,d,,d,d,,d,d,,d,d,,d,d,,d,d,,d,d,,d,d,,d,d,,d,d,,d,d,,#,,
,d,,d,d,,d,d,,d,d,,d,d,,d,d,,d,d,,d,d,,d,d,,d,d,,d,d,,d,d,,d,d,,d,d,,d,d,,d,d,,#,,
,d,,,,,d,d,,,,,d,d,,,,,d,d,,,,,d,d,,,,,d,d,,,,,d,d,,,,,d,d,,d,d,,#,,
,d,d,d,d,d,d,d,d,d,d,d,d,d,d,d,d,d,d,d,d,d,d,d,d,d,d,d,d,d,d,d,d,d,d,d,d,d,d,d,d,d,d,d,,d,d,,#,,
,,,,,,,,,,,,,,,,,,,,,,,,,,,,,,,,,,,,,,,,,,,,,,,,#,,
#>,#,#,#,#,#,#,#,#,#,#,#,#,#,#,#,#,#,#,#,#,#,#,#,#,#,#,#,#,#,#,#,#,#,#,#,#,#,#,#,#,#,#,#,#,#,#,#,#,,
,,,,,,,,,,,,,,,,,,,,,,,,,,,,,,,,,,,,,,,,,,,,,,,,#,,
,d,d,d,d,d,d,d,d,d,d,d,d,d,d,d,d,d,d,d,d,d,d,d,d,d,d,d,d,d,d,d,d,d,d,h,,d,d,d,d,d,d,d,d,d,d,,#,,
,d,d,d,d,d,d,d,d,d,d,,,,,,,,,,,,,,,,,,,,,,,,,,,d,d,d,d,d,d,d,d,d,d,,#,,
,d,d,d,d,d,d,d,d,d,d,d,d,d,d,d,d,d,d,d,d,d,d,d,d,d,d,d,d,d,d,d,d,d,d,h,,d,d,d,d,d,d,d,d,d,d,,#,,
,d,d,d,d,d,d,d,d,d,d,,,,,,,,,,,,,,,,,,,,,,,,,,,d,d,d,d,d,d,d,d,d,d,,#,,
,d,d,d,d,d,d,d,d,d,d,d,d,d,d,d,d,d,d,d,d,d,d,d,d,d,d,d,d,d,d,d,d,d,d,h,,d,d,d,d,d,d,d,d,d,d,,#,,
,d,d,d,d,d,d,d,d,d,d,,,,,,,,,,,,,,,,,,,,,,,,,,,d,d,d,d,d,d,d,d,d,d,,#,,
,d,d,d,d,d,d,d,d,d,d,d,d,d,d,d,d,d,d,d,d,d,d,d,d,d,d,d,d,d,d,d,d,d,d,h,,d,d,d,d,d,d,d,d,d,d,,#,,
,d,d,d,d,d,d,d,d,d,d,,,,,,,,,,,,,,,,,,,,,,,,,,,d,d,d,d,d,d,d,d,d,d,,#,,
,d,d,d,d,d,d,d,d,d,d,d,d,d,d,d,d,d,d,d,d,d,d,,,d,,d,,d,,d,,d,,d,d,d,d,d,d,d,d,d,d,d,d,,#,,
,d,d,d,d,d,d,d,d,d,d,d,d,d,d,d,d,d,d,d,d,d,d,,,d,,d,,d,,d,,d,,d,d,d,d,d,d,d,d,d,d,d,d,,#,,
,,,,,,,,,d,d,r,j,,d,,d,,d,,d,,d,,,d,,d,,d,,d,,d,,j,r,d,d,,d,,d,,d,,d,,#,,
,h,,h,,h,,h,,d,d,j,r,,d,,d,,d,,d,,d,,,d,,d,,d,,d,,d,,r,j,d,d,,d,,d,,d,,d,,#,,
,d,,d,,d,,d,,d,d,d,d,,d,,d,,d,,d,,d,,,d,,d,,d,,d,,d,,d,d,d,d,,d,,d,,d,,d,,#,,
,d,,d,,d,,d,,d,d,d,d,,d,,d,,d,,d,,d,,,d,,d,,d,,d,,d,,d,d,d,d,,d,,d,,d,,d,,#,,
,d,,d,,d,,d,,d,d,d,d,,d,,d,,d,,d,,d,,,d,,d,,d,,d,,d,,d,d,d,d,,d,,d,,d,,d,,#,,
,d,,d,,d,,d,,d,d,d,d,,d,,d,,d,,d,,d,,,d,,d,,d,,d,,d,,d,d,d,d,,d,,d,,d,,d,,#,,
,d,,d,,d,,d,,d,d,d,d,,d,,d,,d,,d,,d,,,d,,d,,d,,d,,d,,d,d,d,d,,d,,d,,d,,d,,#,,
,d,,d,,d,,d,,d,d,d,d,,d,,d,,d,,d,,d,,,d,,d,,d,,d,,d,,d,d,d,d,,d,,d,,d,,d,,#,,
,d,,d,,d,,d,,d,d,d,d,,d,,d,,d,,d,,d,,,d,,d,,d,,d,,d,,d,d,d,d,,d,,d,,d,,d,,#,,
,d,,d,,d,,d,,d,d,d,d,,d,,d,,d,,d,,d,,,d,,d,,d,,d,,d,,d,d,d,d,,d,,d,,d,,d,,#,,
,d,,d,,d,,d,,d,d,d,d,,d,,d,,d,,d,,d,,,d,,d,,d,,d,,d,,d,d,d,d,,d,,d,,d,,d,,#,,
,d,,d,,d,,d,,d,d,d,d,,d,,d,,d,,d,,d,,,d,,d,,d,,d,,d,,d,d,d,d,,d,,d,,d,,d,,#,,
,d,,d,,d,,d,,d,d,d,d,,d,,d,,d,,d,,d,,,d,,d,,d,,d,,d,,d,d,d,d,,d,,d,,d,,d,,#,,
,d,,d,,d,,d,,d,d,d,d,,d,,d,,d,,d,,d,,,d,,d,,d,,d,,d,,d,d,d,d,,d,,d,,d,,d,,#,,
,d,,d,,d,,d,,d,d,d,d,,d,,d,,d,,d,,d,,,d,,d,,d,,d,,d,,d,d,d,d,,d,,d,,d,,d,,#,,
,d,,d,,d,,d,,d,d,d,d,,d,,d,,d,,d,,d,,,d,,d,,d,,d,,d,,d,d,d,d,,d,,d,,d,,d,,#,,
,d,,d,,d,,d,,d,d,d,d,,d,,d,,d,,d,,d,,,d,,d,,d,,d,,d,,d,d,d,d,,d,,d,,d,,d,,#,,
,d,,d,,d,,d,,d,d,d,d,,d,,d,,d,,d,,d,,,d,,d,,d,,d,,d,,d,d,d,d,,d,,d,,d,,d,,#,,
,d,,d,,d,,d,,d,d,d,d,,d,,d,,d,,d,,d,,,d,,d,,d,,d,,d,,d,d,d,d,,d,,d,,d,,d,,#,,
,d,,d,,d,,d,,d,d,d,d,,d,,d,,d,,d,,d,,,d,,d,,d,,d,,d,,d,d,d,d,,d,,d,,d,,d,,#,,
,d,,d,,d,,d,,d,d,d,d,,d,,d,,d,,d,,d,,,d,,d,,d,,d,,d,,d,d,d,d,,d,,d,,d,,d,,#,,
,d,,d,,d,,d,,d,d,d,d,,d,,d,,d,,d,,d,,,d,,d,,d,,d,,d,,d,d,d,d,,d,,d,,d,,d,,#,,
,d,,d,,d,,d,,d,d,d,d,,d,,d,,d,,d,,d,,,d,,d,,d,,d,,d,,d,d,d,d,,d,,d,,d,,d,,#,,
,d,,d,,d,,d,,d,d,d,d,,d,,d,,d,,d,,d,,,d,,d,,d,,d,,d,,d,d,d,d,,d,,d,,d,,d,,#,,
,d,,d,,d,,d,,d,d,j,r,,d,,d,,d,,d,,d,,,d,,d,,d,,d,,d,,r,j,d,d,,h,,h,,h,,h,,#,,
,d,,d,,d,,d,,d,d,r,j,,d,,d,,d,,d,,d,,,d,,d,,d,,d,,d,,j,r,d,d,,,,,,,,,,#,,
,d,d,d,d,d,d,d,d,d,d,d,d,,d,,d,,d,,d,,d,,,d,d,d,d,d,d,d,d,d,d,d,d,d,d,d,d,d,d,d,d,d,d,,#,,
,d,d,d,d,d,d,d,d,d,d,d,d,,d,,d,,d,,d,,d,,,d,d,d,d,d,d,d,d,d,d,d,d,d,d,d,d,d,d,d,d,d,d,,#,,
,d,d,d,d,d,d,d,d,d,d,,,,,,,,,,,,,,,,,,,,,,,,,,,d,d,d,d,d,d,d,d,d,d,,#,,
,d,d,d,d,d,d,d,d,d,d,,h,d,d,d,d,d,d,d,d,d,d,d,d,d,d,d,d,d,d,d,d,d,d,d,d,d,d,d,d,d,d,d,d,d,d,,#,,
,d,d,d,d,d,d,d,d,d,d,,,,,,,,,,,,,,,,,,,,,,,,,,,d,d,d,d,d,d,d,d,d,d,,#,,
,d,d,d,d,d,d,d,d,d,d,,h,d,d,d,d,d,d,d,d,d,d,d,d,d,d,d,d,d,d,d,d,d,d,d,d,d,d,d,d,d,d,d,d,d,d,,#,,
,d,d,d,d,d,d,d,d,d,d,,,,,,,,,,,,,,,,,,,,,,,,,,,d,d,d,d,d,d,d,d,d,d,,#,,
,d,d,d,d,d,d,d,d,d,d,,h,d,d,d,d,d,d,d,d,d,d,d,d,d,d,d,d,d,d,d,d,d,d,d,d,d,d,d,d,d,d,d,d,d,d,,#,,
,d,d,d,d,d,d,d,d,d,d,,,,,,,,,,,,,,,,,,,,,,,,,,,d,d,d,d,d,d,d,d,d,d,,#,,
,d,d,d,d,d,d,d,d,d,d,,h,d,d,d,d,d,d,d,d,d,d,d,d,d,d,d,d,d,d,d,d,d,d,d,d,d,d,d,d,d,d,d,d,d,d,,#,,
,,,,,,,,,,,,,,,,,,,,,,,,,,,,,,,,,,,,,,,,,,,,,,,,#,,
#>,#,#,#,#,#,#,#,#,#,#,#,#,#,#,#,#,#,#,#,#,#,#,#,#,#,#,#,#,#,#,#,#,#,#,#,#,#,#,#,#,#,#,#,#,#,#,#,#,,
,,,,,,,,,,,,,,,,,,,,,,,,,,,,,,,,,,,,,,,,,,,,,,,,#,,
,d,d,d,d,d,d,d,d,d,d,d,d,,d,d,d,d,d,d,d,d,d,d,d,d,d,d,d,d,d,d,d,d,,d,d,d,d,d,d,d,d,d,d,d,d,,#,,
,d,d,d,d,d,d,d,d,d,d,d,d,,d,d,d,d,d,d,d,d,d,d,d,d,d,d,d,d,d,d,d,d,,d,d,d,d,d,d,d,d,d,d,d,d,,#,,
,d,d,d,d,d,d,d,d,d,d,d,d,,d,d,d,d,d,d,d,d,d,d,d,d,d,d,d,d,d,d,d,d,,d,d,d,d,d,d,d,d,d,d,d,d,,#,,
,d,d,d,d,d,d,d,d,d,d,d,d,,j,j,j,j,j,j,j,j,j,j,j,j,j,j,j,j,j,j,j,j,,d,d,d,d,d,d,d,d,d,d,d,d,,#,,
,d,d,d,d,d,d,d,d,d,d,d,d,,d,d,d,d,d,d,d,d,d,d,d,d,d,d,d,d,d,d,d,d,,d,d,d,d,d,d,d,d,d,d,d,d,,#,,
,d,d,d,d,d,d,d,d,d,d,d,d,,d,d,d,d,d,d,d,d,d,d,d,d,d,d,d,d,d,d,d,d,,d,d,d,d,d,d,d,d,d,d,d,d,,#,,
,d,d,d,d,d,d,d,d,d,d,d,d,,d,d,d,d,d,d,d,d,d,d,d,d,d,d,d,d,d,d,d,d,,d,d,d,d,d,d,d,d,d,d,d,d,,#,,
,d,d,d,d,d,d,d,d,d,d,d,d,,,,,,,,,,,,,,,,,,,,,,,d,d,d,d,,,,,,,,,,#,,
,d,d,d,d,d,d,d,d,d,d,d,d,d,d,d,d,d,d,d,d,d,d,d,d,d,d,d,d,d,d,d,d,d,d,d,d,d,d,,d,d,d,j,d,d,d,,#,,
,d,d,d,d,d,d,d,d,d,d,d,d,d,d,d,d,d,d,d,d,d,d,d,d,d,d,d,d,d,d,d,d,d,d,d,d,d,d,,d,d,d,j,d,d,d,,#,,
,d,d,d,d,d,d,d,d,d,d,j,r,d,d,d,d,d,d,d,d,d,d,d,d,d,d,d,d,d,d,d,d,d,d,r,j,d,d,,d,d,d,j,d,d,d,,#,,
,d,d,d,d,d,d,d,d,d,d,r,j,d,d,d,d,d,d,d,d,d,d,d,d,d,d,d,d,d,d,d,d,d,d,j,r,d,d,,d,d,d,j,d,d,d,,#,,
,,,,,,,,,d,d,d,d,,,,,,,,,,d,d,d,d,d,d,d,d,d,d,d,d,d,d,d,d,d,,d,d,d,j,d,d,d,,#,,
,d,d,d,j,d,d,d,,j,d,d,j,,d,d,d,j,d,d,d,,d,d,d,d,d,d,d,d,d,d,d,d,d,d,d,d,j,,d,d,d,j,d,d,d,,#,,
,d,d,d,j,d,d,d,,d,d,d,d,,d,d,d,j,d,d,d,,d,d,d,d,d,d,d,d,d,j,j,d,d,d,d,d,d,,d,d,d,j,d,d,d,,#,,
,d,d,d,j,d,d,d,,d,d,d,d,,d,d,d,j,d,d,d,,d,d,d,d,d,d,d,d,d,j,j,d,d,d,d,d,d,,d,d,d,j,d,d,d,,#,,
,d,d,d,j,d,d,d,,d,d,d,d,,d,d,d,j,d,d,d,,d,d,d,d,d,d,d,d,d,d,d,d,d,d,d,d,d,,d,d,d,j,d,d,d,,#,,
,d,d,d,j,d,d,d,,d,d,d,d,,d,d,d,j,d,d,d,,d,d,d,d,,,,,,,,,,d,d,d,d,,d,d,d,j,d,d,d,,#,,
,d,d,d,j,d,d,d,,d,d,d,d,,d,d,d,j,d,d,d,,d,d,d,d,,d,d,d,j,d,d,d,,d,d,d,d,,d,d,d,j,d,d,d,,#,,
,d,d,d,j,d,d,d,,d,d,d,d,,d,d,d,j,d,d,d,,d,d,d,d,,d,d,d,j,d,d,d,,d,d,d,d,,d,d,d,j,d,d,d,,#,,
,d,d,d,j,d,d,d,,d,d,d,d,,d,d,d,j,d,d,d,,d,d,d,d,,d,d,d,j,d,d,d,,d,d,d,d,,d,d,d,j,d,d,d,,#,,
,d,d,d,j,d,d,d,,d,d,d,d,,d,d,d,j,d,d,d,,d,d,d,d,,d,d,d,j,d,d,d,,d,d,d,d,,d,d,d,j,d,d,d,,#,,
,d,d,d,j,d,d,d,,d,d,d,d,,d,d,d,j,d,d,d,,d,d,d,d,,d,d,d,j,d,d,d,,d,d,d,d,,d,d,d,j,d,d,d,,#,,
,d,d,d,j,d,d,d,,d,d,d,d,,d,d,d,j,d,d,d,,d,d,d,d,,d,d,d,j,d,d,d,,d,d,d,d,,d,d,d,j,d,d,d,,#,,
,d,d,d,j,d,d,d,,d,d,d,d,,d,d,d,j,d,d,d,,d,d,d,d,,d,d,d,j,d,d,d,,d,d,d,d,,d,d,d,j,d,d,d,,#,,
,d,d,d,j,d,d,d,,d,d,d,d,,d,d,d,j,d,d,d,,,,,,,d,d,d,j,d,d,d,,d,d,d,d,,d,d,d,j,d,d,d,,#,,
,d,d,d,j,d,d,d,,d,d,d,d,,d,d,d,j,d,d,d,d,d,d,d,d,d,d,d,d,j,d,d,d,,d,d,d,d,,d,d,d,j,d,d,d,,#,,
,d,d,d,j,d,d,d,,d,d,d,d,,d,d,d,j,d,d,d,d,d,d,d,d,d,d,d,d,j,d,d,d,,d,d,d,d,,d,d,d,j,d,d,d,,#,,
,d,d,d,j,d,d,d,,d,d,d,d,,d,d,d,j,d,d,d,d,d,d,d,d,d,d,d,d,j,d,d,d,,d,d,d,d,,d,d,d,j,d,d,d,,#,,
,d,d,d,j,d,d,d,,d,d,d,d,,d,d,d,j,j,j,j,j,j,j,j,j,j,j,j,j,j,d,d,d,,d,d,d,d,,d,d,d,j,d,d,d,,#,,
,d,d,d,j,d,d,d,,d,d,d,d,,d,d,d,d,d,d,d,d,d,d,d,d,d,d,d,d,d,d,d,d,,d,d,d,d,,d,d,d,j,d,d,d,,#,,
,d,d,d,j,d,d,d,,d,d,d,d,,d,d,d,d,d,d,d,d,d,d,d,d,d,d,d,d,d,d,d,d,,d,d,d,d,,d,d,d,j,d,d,d,,#,,
,d,d,d,j,d,d,d,,j,d,d,j,,d,d,d,d,d,d,d,d,d,d,d,d,d,d,d,d,d,d,d,d,,j,d,d,j,,d,d,d,j,d,d,d,,#,,
,d,d,d,j,d,d,d,,d,d,d,d,,,,,,,,,,,,,,,,,,,,,,,d,d,d,d,,,,,,,,,,#,,
,d,d,d,j,d,d,d,,d,d,r,j,d,d,d,d,d,d,d,d,d,d,d,d,d,d,d,d,d,d,d,d,d,d,j,r,d,d,d,d,d,d,d,d,d,d,,#,,
,d,d,d,j,d,d,d,,d,d,j,r,d,d,d,d,d,d,d,d,d,d,d,d,d,d,d,d,d,d,d,d,d,d,r,j,d,d,d,d,d,d,d,d,d,d,,#,,
,d,d,d,j,d,d,d,,d,d,d,d,d,d,d,d,d,d,d,d,d,d,d,d,d,d,d,d,d,d,d,d,d,d,d,d,d,d,d,d,d,d,d,d,d,d,,#,,
,d,d,d,j,d,d,d,,d,d,d,d,d,d,d,d,d,d,d,d,d,d,d,d,d,d,d,d,d,d,d,d,d,d,d,d,d,d,d,d,d,d,d,d,d,d,,#,,
,,,,,,,,,d,d,d,d,,,,,,,,,,,,,,,,,,,,,,,,,,,,d,d,d,d,d,d,d,,#,,
,d,d,d,d,d,d,d,d,d,d,d,d,,d,d,d,d,d,d,d,d,d,d,d,d,d,d,d,d,d,d,d,d,d,d,d,d,d,,d,d,d,d,d,d,d,,#,,
,d,d,d,d,d,d,d,d,d,d,d,d,,d,d,d,d,d,d,d,d,d,d,d,d,d,d,d,d,d,d,d,d,d,d,d,d,d,,d,d,d,d,d,d,d,,#,,
,d,d,d,d,d,d,d,d,d,d,d,d,,d,d,d,d,d,d,d,d,d,d,d,d,d,d,d,d,d,d,d,d,d,d,d,d,d,,d,d,d,d,d,d,d,,#,,
,d,d,d,d,d,d,d,d,d,d,d,d,,j,j,j,j,j,j,j,j,j,j,j,j,j,j,j,j,j,j,j,j,j,j,j,j,j,,d,d,d,d,d,d,d,,#,,
,d,d,d,d,d,d,d,d,d,d,d,d,,d,d,d,d,d,d,d,d,d,d,d,d,d,d,d,d,d,d,d,d,d,d,d,d,d,,d,d,d,d,d,d,d,,#,,
,d,d,d,d,d,d,d,d,d,d,d,d,,d,d,d,d,d,d,d,d,d,d,d,d,d,d,d,d,d,d,d,d,d,d,d,d,d,,d,d,d,d,d,d,d,,#,,
,d,d,d,d,d,d,d,d,d,d,d,d,,d,d,d,d,d,d,d,d,d,d,d,d,d,d,d,d,d,d,d,d,d,d,d,d,d,,d,d,d,d,d,d,d,,#,,
,,,,,,,,,,,,,,,,,,,,,,,,,,,,,,,,,,,,,,,,,,,,,,,,#,,
#>,#,#,#,#,#,#,#,#,#,#,#,#,#,#,#,#,#,#,#,#,#,#,#,#,#,#,#,#,#,#,#,#,#,#,#,#,#,#,#,#,#,#,#,#,#,#,#,#,,
,,,,,,,,,,,,,,,,,,,,,,,,,,,,,,,,,,,,,,,,,,,,,,,,#,,
,d,d,d,d,d,d,d,,d,d,d,d,,d,d,d,d,d,d,d,d,d,d,d,d,d,d,d,d,d,d,d,d,d,d,d,d,d,d,d,d,d,d,d,d,d,,#,,
,d,d,d,d,d,d,d,,d,d,d,d,,d,d,d,d,d,d,d,d,d,d,d,d,d,d,d,d,d,d,d,d,d,d,d,d,d,d,d,d,d,d,d,d,d,,#,,
,d,d,d,d,d,d,d,,d,d,d,d,,d,d,d,d,d,d,d,d,d,d,d,d,d,d,d,d,d,d,d,d,d,d,d,d,d,d,d,d,d,d,d,d,d,,#,,
,d,d,d,d,d,d,d,,d,d,d,d,,r,r,r,r,r,r,r,r,r,r,r,r,r,r,r,r,r,r,r,r,d,d,d,d,d,d,d,d,d,d,d,d,d,,#,,
,d,d,d,d,d,d,d,,d,d,d,d,,d,d,d,d,d,d,d,d,d,d,d,d,d,d,d,d,d,d,d,d,d,d,d,d,d,d,d,d,d,d,d,d,d,,#,,
,d,d,d,d,d,d,d,,d,d,d,d,,d,d,d,d,d,d,d,d,d,d,d,d,d,d,d,d,d,d,d,d,d,d,d,d,d,d,d,d,d,d,d,d,d,,#,,
,d,d,d,d,d,d,d,,d,d,d,j,,d,d,d,d,d,d,d,d,d,d,d,d,d,d,d,d,d,d,d,d,d,d,d,d,d,d,d,d,d,d,d,d,d,,#,,
,d,d,d,d,d,d,d,,,,,,,d,d,d,d,d,d,d,,,,,,,,,,,,,,,,,,,,d,d,d,d,d,d,d,,#,,
,d,d,d,d,d,d,d,,d,d,,d,,d,d,d,d,d,d,d,,d,d,,d,,d,,d,,d,,d,,d,,d,d,,d,d,d,r,d,d,d,,#,,
,d,d,d,d,d,d,d,,d,,d,d,,d,d,d,d,d,d,d,,d,d,,d,,d,,d,,d,,d,,d,d,,d,,d,d,d,r,d,d,d,,#,,
,d,d,d,d,d,d,d,,,d,r,j,,d,d,d,d,d,d,d,,,d,,d,,d,,d,,d,,d,,j,r,d,,,d,d,d,r,d,d,d,,#,,
,d,d,d,d,d,d,d,,d,d,j,r,,d,d,d,d,d,d,d,,d,d,d,d,d,d,d,d,d,d,d,j,,r,j,d,d,,d,d,d,r,d,d,d,,#,,
,d,d,d,d,d,d,d,,,,,,,d,d,d,d,d,d,d,,d,,,,,,,,,,,,,,,,,,d,d,d,r,d,d,d,,#,,
,d,d,d,r,d,d,d,d,r,,,r,d,d,d,d,r,d,d,d,,d,d,d,d,,d,d,d,d,d,d,d,,j,d,,r,d,d,d,d,r,d,d,d,,#,,
,d,d,d,r,d,d,d,,,,,,,d,d,d,r,d,d,d,,d,,,,,d,d,d,d,r,r,d,,d,d,,,,d,d,d,r,d,d,d,,#,,
,d,d,d,r,d,d,d,,d,d,d,j,,d,d,d,r,d,d,d,,d,d,d,d,,d,d,d,d,r,r,d,,d,d,d,d,,d,d,d,r,d,d,d,,#,,
,d,d,d,r,d,d,d,,d,d,d,d,,d,d,d,r,d,d,d,,d,,,,,d,d,d,d,d,d,d,,d,d,d,d,,d,d,d,r,d,d,d,,#,,
,d,d,d,r,d,d,d,,d,d,d,d,,d,d,d,r,d,d,d,,d,d,d,d,,d,d,d,d,d,d,d,,d,d,d,d,,d,d,d,r,d,d,d,,#,,
,d,d,d,r,d,d,d,,d,d,d,d,,d,d,d,r,d,d,d,,d,,,,,d,d,d,r,d,d,d,,d,d,d,d,,d,d,d,r,d,d,d,,#,,
,d,d,d,r,d,d,d,,d,d,d,d,,d,d,d,r,d,d,d,,d,d,d,d,,d,d,d,r,d,d,d,,d,d,d,d,,d,d,d,r,d,d,d,,#,,
,d,d,d,r,d,d,d,,d,d,d,d,,d,d,d,r,d,d,d,,d,,,,,d,d,d,r,d,d,d,,d,d,d,d,,d,d,d,r,d,d,d,,#,,
,d,d,d,r,d,d,d,,d,d,d,d,,d,d,d,r,d,d,d,,d,d,d,d,,d,d,d,r,d,d,d,,d,d,d,d,,d,d,d,r,d,d,d,,#,,
,d,d,d,r,d,d,d,,d,d,d,d,,d,d,d,r,d,d,d,,d,,,,,d,d,d,r,d,d,d,,d,d,d,d,,d,d,d,r,d,d,d,,#,,
,d,d,d,r,d,d,d,,d,d,d,d,,d,d,d,r,d,d,d,,d,d,d,d,,d,d,d,r,d,d,d,,d,d,d,d,,d,d,d,r,d,d,d,,#,,
,d,d,d,r,d,d,d,,d,d,d,d,,d,d,d,r,d,d,d,,j,,d,d,,d,d,d,r,d,d,d,,d,d,d,d,,d,d,d,r,d,d,d,,#,,
,d,d,d,r,d,d,d,,d,d,d,d,,d,d,d,r,d,d,d,,,,,,,d,d,d,r,d,d,d,,d,d,d,d,,d,d,d,r,d,d,d,,#,,
,d,d,d,r,d,d,d,,d,d,d,d,,d,d,d,r,d,d,d,d,d,d,d,d,d,d,d,d,r,d,d,d,,d,d,d,d,,d,d,d,r,d,d,d,,#,,
,d,d,d,r,d,d,d,,d,d,d,d,,d,d,d,r,d,d,d,d,d,d,d,d,d,d,d,d,r,d,d,d,,d,d,d,d,,d,d,d,r,d,d,d,,#,,
,d,d,d,r,d,d,d,,d,d,d,d,,d,d,d,r,d,d,d,d,d,d,d,d,d,d,d,d,r,d,d,d,,d,d,d,d,,d,d,d,r,d,d,d,,#,,
,d,d,d,r,d,d,d,,d,d,d,d,,d,d,d,r,r,r,r,r,r,r,r,r,r,r,r,r,r,d,d,d,,d,d,d,d,,d,d,d,r,d,d,d,,#,,
,d,d,d,r,d,d,d,,d,d,d,j,,d,d,d,d,d,d,d,d,d,d,d,d,d,d,d,d,d,d,d,d,,j,d,d,d,,d,d,d,r,d,d,d,,#,,
,d,d,d,r,d,d,d,,,,,,,d,d,d,d,d,d,d,d,d,d,d,d,d,d,d,d,d,d,d,d,,,,,,,d,d,d,r,d,d,d,,#,,
,d,d,d,r,d,d,d,d,r,,,r,d,d,d,d,d,d,d,d,d,d,d,d,d,d,d,d,d,d,d,d,d,d,r,,,r,d,d,d,d,r,d,d,d,,#,,
,d,d,d,r,d,d,d,,,,,,,,,,,,,,,,,,,,,,,,,,,,,,,,,d,d,d,d,d,d,d,,#,,
,d,d,d,r,d,d,d,,d,d,j,r,,j,d,d,d,d,d,d,d,d,d,d,d,d,d,d,d,d,d,d,j,,r,j,d,d,,d,d,d,d,d,d,d,,#,,
,d,d,d,r,d,d,d,,,d,r,j,,d,d,d,d,d,d,d,d,d,d,d,d,d,d,d,d,d,d,d,d,,j,r,d,,,d,d,d,d,d,d,d,,#,,
,d,d,d,r,d,d,d,,d,,d,d,,d,d,d,d,d,d,d,d,d,d,d,d,d,d,d,d,d,d,d,d,,d,d,,d,,d,d,d,d,d,d,d,,#,,
,d,d,d,r,d,d,d,,d,d,,d,,d,d,d,d,d,d,d,d,d,d,d,d,d,d,d,d,d,d,d,d,,d,,d,d,,d,d,d,d,d,d,d,,#,,
,d,d,d,d,d,d,d,,,,,,,,,,,,,,,,,,,,,,,,,,,,,,,,,d,d,d,d,d,d,d,,#,,
,d,d,d,d,d,d,d,d,d,d,d,d,d,d,d,d,d,d,d,d,d,d,d,d,d,d,d,d,d,d,d,d,d,d,d,d,d,d,d,d,d,d,d,d,d,d,,#,,
,d,d,d,d,d,d,d,d,d,d,d,d,d,d,d,d,d,d,d,d,d,d,d,d,d,d,d,d,d,d,d,d,d,d,d,d,d,d,d,d,d,d,d,d,d,d,,#,,
,d,d,d,d,d,d,d,d,d,d,d,d,d,d,d,d,d,d,d,d,d,d,d,d,d,d,d,d,d,d,d,d,d,d,d,d,d,d,d,d,d,d,d,d,d,d,,#,,
,d,d,d,d,d,d,d,d,d,d,d,d,d,r,r,r,r,r,r,r,r,r,r,r,r,r,r,r,r,r,r,r,r,r,r,r,r,r,d,d,d,d,d,d,d,d,,#,,
,d,d,d,d,d,d,d,d,d,d,d,d,d,d,d,d,d,d,d,d,d,d,d,d,d,d,d,d,d,d,d,d,d,d,d,d,d,d,d,d,d,d,d,d,d,d,,#,,
,d,d,d,d,d,d,d,d,d,d,d,d,d,d,d,d,d,d,d,d,d,d,d,d,d,d,d,d,d,d,d,d,d,d,d,d,d,d,d,d,d,d,d,d,d,d,,#,,
,d,d,d,d,d,d,d,d,d,d,d,d,d,d,d,d,d,d,d,d,d,d,d,d,d,d,d,d,d,d,d,d,d,d,d,d,d,d,d,d,d,d,d,d,d,d,,#,,
,,,,,,,,,,,,,,,,,,,,,,,,,,,,,,,,,,,,,,,,,,,,,,,,#,,
#,#,#,#,#,#,#,#,#,#,#,#,#,#,#,#,#,#,#,#,#,#,#,#,#,#,#,#,#,#,#,#,#,#,#,#,#,#,#,#,#,#,#,#,#,#,#,#,#,,
